customer_id,contract,plan,payment_method,tenure_months,support_tickets,monthly_charges,churned
1000,one-year,premium,manual,37,3,90.25,0
1001,month-to-month,standard,auto,33,3,66.16,1
1002,two-year,premium,manual,6,0,93.32,0
1003,one-year,standard,auto,9,1,64.96,0
1004,month-to-month,basic,auto,43,1,30.83,0
1005,two-year,premium,auto,41,1,101.1,0
1006,one-year,standard,auto,40,2,59.58,1
1007,one-year,basic,auto,12,0,35.39,1
1008,month-to-month,basic,auto,37,3,29.46,0
1009,month-to-month,standard,manual,5,1,67.65,1
1010,month-to-month,basic,auto,11,2,22.82,1
1011,two-year,basic,auto,36,2,28.93,0
1012,one-year,basic,manual,45,1,36.58,0
1013,one-year,standard,auto,48,0,70.82,0
1014,month-to-month,standard,auto,71,0,60.22,1
1015,month-to-month,standard,auto,62,1,61.73,0
1016,one-year,basic,auto,28,4,24.07,0
1017,month-to-month,basic,auto,57,0,26.06,0
1018,one-year,standard,auto,7,2,56.61,0
1019,one-year,basic,manual,62,1,29.17,0
1020,one-year,standard,auto,28,1,68.8,1
1021,month-to-month,basic,auto,55,1,25.29,0
1022,two-year,basic,auto,70,1,29.46,0
1023,two-year,basic,manual,51,0,28.68,0
1024,one-year,standard,manual,67,2,71.33,0
1025,month-to-month,basic,manual,1,2,26.33,1
1026,month-to-month,premium,manual,13,0,96.55,0
1027,month-to-month,basic,manual,46,1,24.92,1
1028,month-to-month,standard,auto,39,2,58.17,0
1029,one-year,standard,manual,9,3,68.18,0
1030,one-year,basic,auto,52,0,29.19,0
1031,two-year,standard,auto,5,1,65.33,0
1032,month-to-month,basic,manual,72,2,37.65,0
1033,month-to-month,standard,auto,12,1,72.99,1
1034,month-to-month,basic,auto,33,4,20.12,1
1035,month-to-month,standard,auto,60,3,68.89,1
1036,month-to-month,premium,auto,38,0,101.35,0
1037,month-to-month,basic,manual,54,1,27.23,1
1038,month-to-month,standard,auto,51,4,66.97,0
1039,one-year,standard,manual,69,1,54.64,0
1040,month-to-month,basic,auto,34,1,38.78,0
1041,one-year,standard,manual,71,1,68.09,0
1042,one-year,standard,auto,38,1,59.81,0
1043,month-to-month,premium,manual,65,1,96.49,0
1044,one-year,premium,auto,53,2,89.78,0
1045,one-year,basic,auto,10,0,28.12,0
1046,month-to-month,standard,auto,47,3,62.1,0
1047,month-to-month,standard,auto,64,3,57.05,0
1048,one-year,basic,auto,10,1,34.66,0
1049,month-to-month,basic,manual,61,1,37.66,0
1050,month-to-month,premium,manual,8,4,99.84,1
1051,month-to-month,basic,manual,63,2,28.17,0
1052,one-year,standard,auto,57,2,67.61,0
1053,one-year,premium,auto,11,1,99.88,0
1054,one-year,basic,manual,53,1,23.51,0
1055,one-year,standard,manual,9,1,61.08,0
1056,month-to-month,premium,auto,41,0,98.22,0
1057,one-year,standard,manual,67,3,66.49,0
1058,month-to-month,basic,auto,15,2,30.06,1
1059,month-to-month,basic,manual,13,3,31.26,0
1060,one-year,premium,manual,31,5,90.85,0
1061,month-to-month,basic,manual,27,1,33.99,1
1062,one-year,standard,auto,4,0,65.02,0
1063,one-year,basic,auto,33,2,45.32,0
1064,one-year,standard,auto,19,3,62.67,0
1065,one-year,premium,manual,9,0,101.94,0
1066,one-year,standard,auto,20,1,81.98,0
1067,month-to-month,premium,manual,2,2,101.16,0
1068,month-to-month,basic,manual,66,2,29.59,0
1069,month-to-month,standard,auto,72,0,59.08,0
1070,month-to-month,premium,auto,27,3,109.17,1
1071,month-to-month,standard,manual,64,2,58.05,0
1072,two-year,basic,auto,34,0,32.56,0
1073,month-to-month,premium,auto,66,1,97.16,1
1074,month-to-month,basic,auto,13,1,28.86,1
1075,month-to-month,standard,auto,21,2,56.46,0
1076,month-to-month,premium,manual,54,2,108.06,0
1077,one-year,basic,auto,16,1,28.33,0
1078,one-year,basic,auto,60,3,22.71,0
1079,one-year,basic,auto,31,1,37.52,0
1080,one-year,basic,auto,30,3,26.98,0
1081,month-to-month,basic,auto,33,0,32.01,0
1082,one-year,standard,manual,58,0,70.05,0
1083,month-to-month,basic,auto,1,3,32.84,1
1084,month-to-month,standard,auto,55,2,51.82,1
1085,month-to-month,basic,manual,57,2,34.17,0
1086,one-year,basic,auto,60,0,29.4,0
1087,month-to-month,basic,manual,72,0,28.03,0
1088,month-to-month,standard,auto,57,0,64.35,0
1089,month-to-month,standard,auto,39,1,55.34,0
1090,month-to-month,basic,auto,34,1,31.15,0
1091,one-year,premium,manual,28,0,91.81,0
1092,month-to-month,standard,manual,60,1,63.28,0
1093,month-to-month,basic,auto,29,2,30.94,0
1094,month-to-month,premium,auto,42,0,106.44,0
1095,one-year,basic,auto,7,2,25.08,0
1096,month-to-month,basic,auto,23,2,38.71,0
1097,month-to-month,standard,manual,20,2,70.68,0
1098,month-to-month,basic,manual,32,5,27.42,1
1099,two-year,basic,manual,37,3,23.35,1
1100,two-year,standard,auto,52,3,56.34,0
1101,one-year,basic,manual,32,3,31.63,0
1102,month-to-month,premium,auto,11,3,95.58,1
1103,two-year,premium,auto,40,1,107.2,0
1104,one-year,standard,manual,4,1,60.92,0
1105,one-year,standard,auto,62,4,59.6,0
1106,month-to-month,standard,manual,56,1,66.4,0
1107,month-to-month,premium,manual,17,2,95.88,1
1108,month-to-month,basic,manual,19,3,30.05,0
1109,two-year,basic,auto,2,0,35.92,0
1110,month-to-month,standard,auto,27,0,65.7,1
1111,month-to-month,standard,manual,3,3,65.73,1
1112,month-to-month,basic,manual,68,1,31.23,0
1113,one-year,standard,auto,10,1,54.84,0
1114,month-to-month,basic,manual,48,1,32.35,0
1115,two-year,premium,auto,42,3,100.96,0
1116,one-year,basic,auto,18,3,35.36,1
1117,one-year,basic,manual,59,2,33.63,0
1118,month-to-month,basic,auto,8,1,28.79,0
1119,one-year,basic,auto,64,1,36.19,0
1120,one-year,basic,manual,54,1,28.24,0
1121,one-year,basic,manual,46,1,31.48,0
1122,month-to-month,basic,manual,64,1,28.13,0
1123,month-to-month,basic,auto,30,0,32.77,0
1124,month-to-month,basic,manual,21,3,27.74,0
1125,month-to-month,basic,auto,12,0,39.89,1
1126,month-to-month,basic,auto,67,0,42.1,0
1127,month-to-month,basic,auto,29,3,35.24,0
1128,month-to-month,basic,manual,60,2,39.25,1
1129,one-year,basic,manual,24,1,20.76,0
1130,month-to-month,basic,manual,69,2,21.47,0
1131,two-year,standard,manual,63,3,63.07,0
1132,one-year,premium,auto,23,0,100.25,1
1133,month-to-month,premium,auto,36,2,98.81,1
1134,one-year,standard,auto,58,1,55.15,0
1135,month-to-month,standard,auto,17,1,71.91,1
1136,two-year,basic,auto,2,1,42.93,0
1137,month-to-month,standard,manual,21,1,72.69,0
1138,one-year,standard,manual,43,0,71.51,0
1139,month-to-month,premium,manual,10,0,101.36,1
1140,month-to-month,premium,auto,25,3,94.94,1
1141,month-to-month,standard,auto,67,1,65.44,0
1142,two-year,standard,auto,6,1,77.63,0
1143,one-year,premium,auto,4,4,97.89,0
1144,month-to-month,basic,auto,31,0,27.27,0
1145,month-to-month,premium,auto,1,0,106.64,0
1146,month-to-month,basic,auto,3,3,37.04,1
1147,month-to-month,premium,manual,14,3,94.91,1
1148,month-to-month,standard,auto,8,0,63.43,0
1149,month-to-month,basic,auto,59,0,26.99,0
1150,one-year,standard,auto,9,2,65.42,0
1151,two-year,basic,auto,38,1,36.62,0
1152,month-to-month,standard,auto,51,1,60.18,0
1153,one-year,standard,auto,46,0,71.54,0
1154,month-to-month,standard,auto,48,2,65.61,1
1155,one-year,premium,auto,26,0,113.96,0
1156,month-to-month,basic,manual,64,1,31.91,0
1157,one-year,basic,auto,5,0,29.42,0
1158,one-year,standard,auto,8,0,68.45,0
1159,one-year,basic,auto,62,3,27.98,1
1160,month-to-month,standard,auto,5,3,54.23,1
1161,two-year,basic,auto,14,1,28.56,1
1162,month-to-month,basic,manual,13,2,28.46,0
1163,month-to-month,standard,auto,3,3,55.45,1
1164,one-year,premium,manual,9,2,99.56,1
1165,month-to-month,basic,auto,42,3,18.0,0
1166,one-year,premium,auto,48,2,97.91,0
1167,one-year,standard,auto,6,0,66.46,0
1168,month-to-month,basic,auto,68,0,30.58,1
1169,two-year,standard,auto,7,1,62.53,0
1170,month-to-month,standard,manual,50,1,64.49,0
1171,month-to-month,basic,manual,58,1,25.3,0
1172,month-to-month,standard,manual,38,4,65.06,0
1173,two-year,basic,auto,36,0,30.35,1
1174,month-to-month,basic,manual,8,0,24.6,0
1175,month-to-month,standard,auto,18,1,66.61,0
1176,month-to-month,standard,manual,62,1,66.57,1
1177,two-year,premium,manual,26,4,99.0,0
1178,two-year,basic,manual,3,0,44.53,0
1179,one-year,premium,manual,53,2,99.16,0
1180,two-year,standard,manual,50,2,63.32,0
1181,two-year,premium,auto,5,1,97.47,0
1182,month-to-month,premium,manual,4,4,94.17,1
1183,month-to-month,basic,auto,9,0,34.12,1
1184,one-year,standard,manual,4,2,60.88,0
1185,one-year,basic,manual,45,0,26.59,0
1186,month-to-month,premium,auto,10,2,96.77,0
1187,month-to-month,standard,auto,44,0,59.09,0
1188,one-year,basic,auto,13,0,19.49,0
1189,month-to-month,premium,auto,71,2,97.22,0
1190,two-year,basic,auto,53,2,35.24,0
1191,month-to-month,standard,manual,27,1,66.18,0
1192,month-to-month,standard,auto,31,1,74.36,0
1193,one-year,basic,manual,5,2,34.51,0
1194,month-to-month,standard,auto,4,3,68.14,1
1195,month-to-month,premium,auto,39,1,111.3,0
1196,one-year,basic,auto,2,0,29.42,0
1197,two-year,standard,manual,46,0,65.38,0
1198,month-to-month,basic,auto,28,0,29.93,0
1199,month-to-month,standard,auto,11,3,74.26,1
1200,one-year,basic,auto,39,2,30.02,0
1201,two-year,premium,manual,40,2,96.11,0
1202,month-to-month,premium,auto,54,2,103.53,0
1203,month-to-month,basic,manual,15,2,25.1,0
1204,month-to-month,basic,manual,40,4,33.2,1
1205,month-to-month,standard,manual,61,1,67.48,1
1206,month-to-month,standard,auto,20,3,63.86,1
1207,one-year,standard,auto,61,2,68.39,0
1208,month-to-month,basic,auto,53,0,21.07,0
1209,month-to-month,basic,auto,31,1,30.98,0
1210,one-year,premium,manual,64,0,97.22,0
1211,one-year,standard,auto,70,0,82.17,0
1212,month-to-month,premium,auto,18,1,100.93,0
1213,one-year,standard,auto,71,2,61.42,0
1214,one-year,premium,auto,1,0,91.73,0
1215,one-year,basic,auto,10,0,37.83,0
1216,month-to-month,basic,manual,4,1,27.9,1
1217,month-to-month,premium,auto,27,2,95.25,1
1218,two-year,premium,manual,68,1,102.02,0
1219,month-to-month,basic,manual,44,2,33.9,0
1220,month-to-month,basic,auto,45,3,33.8,0
1221,month-to-month,standard,auto,7,1,65.12,0
1222,one-year,standard,auto,38,0,65.96,0
1223,two-year,basic,auto,28,0,31.39,0
1224,month-to-month,premium,auto,35,2,102.02,0
1225,two-year,basic,manual,19,0,32.55,0
1226,month-to-month,standard,manual,15,2,71.57,1
1227,one-year,basic,auto,69,4,30.34,0
1228,one-year,basic,auto,41,0,25.1,0
1229,month-to-month,standard,auto,30,1,64.13,0
1230,month-to-month,basic,manual,6,1,34.52,1
1231,month-to-month,standard,auto,55,5,54.28,1
1232,two-year,basic,manual,35,1,19.32,0
1233,one-year,premium,manual,28,2,105.51,0
1234,two-year,standard,auto,49,0,74.12,0
1235,one-year,premium,auto,10,1,92.41,1
1236,month-to-month,basic,auto,39,1,30.6,0
1237,one-year,basic,manual,63,2,27.6,0
1238,month-to-month,basic,auto,34,0,28.44,0
1239,month-to-month,standard,manual,1,3,66.83,1
1240,one-year,basic,manual,17,5,22.24,0
1241,one-year,basic,manual,5,2,23.36,0
1242,month-to-month,basic,auto,37,6,28.19,0
1243,month-to-month,basic,auto,27,0,29.13,0
1244,one-year,basic,manual,10,2,23.24,0
1245,two-year,basic,auto,50,2,34.74,0
1246,one-year,basic,manual,13,2,27.49,1
1247,month-to-month,standard,auto,25,3,62.47,1
1248,month-to-month,basic,auto,72,1,31.7,0
1249,month-to-month,basic,manual,5,0,29.23,1
1250,one-year,standard,auto,18,1,70.02,0
1251,two-year,standard,auto,23,2,59.4,0
1252,month-to-month,basic,auto,37,4,21.62,1
1253,month-to-month,standard,auto,18,0,63.14,1
1254,month-to-month,premium,manual,70,0,100.36,1
1255,one-year,standard,auto,1,3,57.56,1
1256,one-year,premium,auto,69,0,91.67,0
1257,month-to-month,standard,auto,39,2,66.09,0
1258,month-to-month,basic,manual,3,1,25.45,1
1259,one-year,standard,auto,9,0,56.28,0
1260,month-to-month,standard,manual,8,1,70.79,1
1261,one-year,premium,manual,21,2,96.21,1
1262,month-to-month,standard,auto,24,1,71.9,0
1263,month-to-month,basic,manual,47,0,30.17,0
1264,two-year,standard,manual,23,3,66.77,0
1265,month-to-month,basic,auto,53,3,28.73,0
1266,month-to-month,standard,auto,22,1,49.07,1
1267,month-to-month,standard,manual,19,2,58.18,0
1268,month-to-month,standard,manual,20,3,64.25,0
1269,month-to-month,premium,manual,24,2,102.19,0
1270,month-to-month,standard,manual,61,1,54.26,1
1271,month-to-month,standard,auto,18,6,64.68,1
1272,month-to-month,standard,manual,20,0,58.27,0
1273,one-year,premium,manual,69,3,101.41,0
1274,one-year,premium,auto,48,1,99.88,0
1275,month-to-month,basic,auto,14,1,34.46,0
1276,month-to-month,standard,auto,63,1,71.4,0
1277,month-to-month,basic,manual,14,1,32.75,0
1278,two-year,premium,auto,12,1,105.16,1
1279,two-year,standard,manual,33,1,62.9,0
1280,month-to-month,standard,auto,50,2,81.94,1
1281,month-to-month,basic,auto,14,1,22.69,1
1282,month-to-month,basic,manual,55,0,26.83,0
1283,month-to-month,standard,auto,12,1,70.41,0
1284,one-year,basic,manual,57,3,34.52,0
1285,month-to-month,basic,auto,7,1,32.92,0
1286,month-to-month,premium,manual,34,0,104.05,0
1287,month-to-month,standard,auto,47,3,52.5,0
1288,month-to-month,basic,manual,20,0,39.54,0
1289,month-to-month,basic,manual,45,1,28.78,0
1290,one-year,premium,auto,50,2,107.48,0
1291,month-to-month,standard,auto,47,0,52.8,0
1292,two-year,standard,auto,29,1,66.54,0
1293,month-to-month,basic,auto,56,0,26.62,0
1294,one-year,basic,manual,53,2,33.43,0
1295,two-year,basic,auto,24,1,31.9,0
1296,two-year,standard,auto,53,2,67.2,0
1297,one-year,basic,auto,67,0,23.65,0
1298,one-year,basic,auto,59,2,29.66,0
1299,one-year,standard,manual,53,4,63.92,0
1300,one-year,premium,auto,56,1,102.97,0
1301,month-to-month,standard,manual,58,2,70.94,0
1302,month-to-month,standard,manual,21,4,65.9,1
1303,month-to-month,standard,auto,52,0,57.34,1
1304,two-year,standard,auto,15,1,65.65,1
1305,month-to-month,basic,auto,26,2,45.67,0
1306,month-to-month,standard,auto,68,1,74.88,0
1307,one-year,standard,auto,21,0,47.15,0
1308,month-to-month,standard,manual,61,3,65.38,0
1309,month-to-month,premium,manual,31,0,105.59,1
1310,month-to-month,premium,auto,16,0,98.91,0
1311,month-to-month,basic,manual,7,0,27.24,1
1312,month-to-month,basic,auto,40,3,28.4,0
1313,month-to-month,basic,manual,33,1,33.31,0
1314,month-to-month,basic,auto,37,2,23.11,0
1315,month-to-month,basic,manual,4,1,37.13,1
1316,month-to-month,basic,manual,20,3,29.66,1
1317,one-year,standard,manual,1,1,59.39,1
1318,month-to-month,standard,manual,22,2,71.75,1
1319,two-year,premium,auto,68,2,90.73,0
1320,two-year,basic,manual,11,1,26.67,1
1321,month-to-month,basic,auto,50,1,26.57,0
1322,month-to-month,standard,manual,1,0,77.86,0
1323,month-to-month,basic,auto,41,2,25.89,0
1324,one-year,basic,auto,67,0,18.0,0
1325,one-year,premium,auto,25,2,96.51,0
1326,one-year,basic,auto,15,1,32.73,0
1327,month-to-month,basic,manual,42,0,34.7,0
1328,one-year,standard,manual,21,2,78.66,0
1329,month-to-month,standard,manual,65,1,73.44,0
1330,one-year,standard,auto,62,3,66.13,0
1331,month-to-month,basic,manual,47,2,24.65,1
1332,one-year,premium,auto,47,2,109.74,0
1333,two-year,basic,auto,44,1,27.79,0
1334,month-to-month,standard,manual,53,1,61.05,1
1335,one-year,standard,auto,34,2,62.5,0
1336,month-to-month,premium,auto,70,2,92.49,0
1337,one-year,basic,auto,25,1,27.21,0
1338,month-to-month,standard,auto,1,2,63.6,1
1339,two-year,basic,manual,51,1,34.38,0
1340,month-to-month,basic,auto,48,1,27.67,0
1341,two-year,basic,auto,71,1,22.4,0
1342,one-year,standard,auto,29,1,55.38,0
1343,one-year,basic,auto,31,3,31.26,0
1344,one-year,standard,manual,41,1,65.44,0
1345,one-year,basic,manual,29,1,26.67,0
1346,two-year,premium,manual,57,1,97.2,0
1347,month-to-month,premium,manual,31,2,102.33,1
1348,one-year,basic,auto,57,0,38.34,0
1349,month-to-month,basic,manual,31,2,25.32,0
1350,one-year,basic,auto,17,0,30.53,0
1351,month-to-month,premium,auto,72,0,105.75,0
1352,one-year,basic,manual,38,2,25.34,0
1353,one-year,standard,auto,51,0,64.91,0
1354,month-to-month,standard,manual,43,1,64.77,1
1355,month-to-month,standard,manual,26,1,57.13,0
1356,one-year,standard,manual,70,4,66.01,0
1357,one-year,standard,auto,27,0,65.19,0
1358,month-to-month,premium,auto,72,2,103.33,0
1359,one-year,basic,manual,32,1,22.88,0
1360,two-year,premium,auto,2,0,100.06,1
1361,month-to-month,basic,auto,3,4,38.29,1
1362,month-to-month,standard,manual,71,0,77.46,0
1363,month-to-month,premium,manual,39,2,107.68,1
1364,one-year,standard,manual,28,0,57.94,0
1365,month-to-month,standard,auto,59,2,67.71,0
1366,one-year,basic,auto,45,4,27.1,0
1367,one-year,standard,auto,48,3,66.7,0
1368,month-to-month,basic,auto,50,1,25.37,0
1369,two-year,standard,auto,15,5,54.72,0
1370,one-year,standard,auto,7,3,62.93,0
1371,month-to-month,basic,auto,53,3,34.34,0
1372,month-to-month,basic,auto,2,0,31.73,1
1373,month-to-month,basic,auto,52,1,32.42,0
1374,month-to-month,basic,auto,10,1,31.3,0
1375,month-to-month,basic,auto,19,1,32.43,1
1376,two-year,premium,manual,51,0,103.18,0
1377,month-to-month,standard,auto,45,1,63.35,0
1378,month-to-month,basic,manual,57,0,30.5,0
1379,one-year,standard,auto,44,1,75.46,0
1380,one-year,premium,auto,4,1,100.85,0
1381,two-year,basic,auto,61,2,30.26,0
1382,one-year,basic,auto,16,1,30.62,0
1383,month-to-month,basic,auto,10,2,28.69,1
1384,month-to-month,basic,manual,64,4,27.39,0
1385,two-year,standard,manual,15,2,66.25,0
1386,one-year,premium,auto,39,1,96.97,0
1387,two-year,basic,auto,35,1,29.13,0
1388,month-to-month,standard,manual,56,1,60.26,0
1389,two-year,basic,auto,4,1,30.65,0
1390,one-year,standard,auto,8,3,68.51,1
1391,month-to-month,standard,manual,30,0,63.73,1
1392,one-year,basic,auto,35,1,18.0,0
1393,one-year,basic,manual,57,1,33.54,1
1394,month-to-month,standard,auto,44,6,65.72,1
1395,month-to-month,premium,auto,11,4,94.04,0
1396,one-year,basic,auto,71,6,34.64,0
1397,month-to-month,basic,manual,34,1,21.61,0
1398,month-to-month,basic,auto,70,1,36.27,1
1399,month-to-month,standard,manual,72,1,64.66,0
1400,month-to-month,standard,manual,4,3,51.39,1
1401,two-year,standard,manual,37,0,66.07,0
1402,one-year,standard,auto,31,4,62.56,0
1403,month-to-month,premium,auto,36,4,96.66,1
1404,two-year,premium,auto,23,0,95.57,0
1405,two-year,basic,auto,41,1,29.24,0
1406,month-to-month,standard,manual,36,2,62.09,1
1407,one-year,basic,auto,14,0,18.86,0
1408,month-to-month,basic,manual,21,2,37.63,1
1409,two-year,premium,auto,11,1,98.53,1
1410,one-year,standard,auto,61,3,60.61,0
1411,one-year,premium,auto,49,1,93.23,0
1412,month-to-month,standard,manual,28,1,69.62,0
1413,two-year,standard,auto,29,0,57.21,0
1414,month-to-month,standard,auto,6,2,65.8,1
1415,month-to-month,basic,manual,21,0,26.5,0
1416,month-to-month,basic,auto,67,1,26.85,0
1417,one-year,standard,auto,3,2,58.38,1
1418,month-to-month,basic,auto,11,1,26.28,1
1419,two-year,premium,auto,61,4,100.05,0
1420,one-year,basic,auto,38,5,31.41,1
1421,month-to-month,basic,auto,3,1,25.29,0
1422,month-to-month,standard,manual,36,2,64.45,0
1423,month-to-month,basic,auto,54,3,35.33,0
1424,one-year,premium,auto,25,0,90.02,0
1425,one-year,standard,auto,28,1,64.96,0
1426,month-to-month,basic,auto,46,2,24.3,0
1427,one-year,standard,auto,44,1,58.68,0
1428,month-to-month,standard,auto,66,2,66.57,0
1429,one-year,standard,auto,18,3,61.73,0
1430,two-year,premium,auto,20,1,92.7,0
1431,one-year,standard,manual,12,1,72.95,0
1432,one-year,standard,manual,48,2,70.52,0
1433,one-year,basic,auto,39,1,18.41,0
1434,month-to-month,standard,auto,25,1,56.15,0
1435,month-to-month,premium,auto,51,2,103.56,0
1436,month-to-month,standard,manual,28,1,63.29,0
1437,month-to-month,standard,auto,15,2,74.0,1
1438,one-year,standard,auto,39,0,68.7,0
1439,one-year,standard,auto,32,0,66.8,0
1440,two-year,premium,auto,30,3,93.87,0
1441,month-to-month,basic,auto,33,1,32.95,0
1442,one-year,basic,manual,66,2,22.35,0
1443,month-to-month,standard,manual,16,2,72.83,0
1444,month-to-month,standard,auto,20,0,67.53,0
1445,one-year,standard,auto,41,2,60.05,0
1446,two-year,basic,auto,4,2,34.83,0
1447,one-year,standard,auto,11,2,78.45,0
1448,month-to-month,standard,auto,41,2,63.69,1
1449,one-year,standard,auto,37,2,68.3,0
1450,month-to-month,standard,manual,48,4,62.41,1
1451,two-year,standard,manual,9,2,65.51,1
1452,one-year,standard,manual,62,2,55.96,0
1453,month-to-month,standard,manual,35,1,65.0,1
1454,month-to-month,standard,auto,12,1,65.26,0
1455,month-to-month,standard,auto,23,1,75.79,0
1456,two-year,standard,auto,17,0,54.23,0
1457,month-to-month,basic,auto,33,1,28.31,0
1458,one-year,basic,auto,34,2,37.73,0
1459,one-year,standard,manual,32,4,63.55,0
1460,one-year,premium,auto,34,1,98.97,0
1461,month-to-month,standard,auto,66,1,60.0,0
1462,two-year,basic,auto,70,1,24.4,0
1463,month-to-month,standard,manual,36,2,54.04,0
1464,one-year,basic,auto,70,1,26.22,0
1465,one-year,standard,auto,59,3,59.06,0
1466,one-year,premium,auto,60,1,100.71,0
1467,two-year,standard,manual,17,3,60.27,1
1468,month-to-month,standard,manual,32,1,62.12,1
1469,month-to-month,basic,auto,26,2,27.29,1
1470,month-to-month,standard,manual,7,2,64.71,1
1471,month-to-month,premium,auto,6,2,96.83,1
1472,month-to-month,standard,manual,45,2,58.63,0
1473,month-to-month,standard,auto,31,4,65.51,0
1474,month-to-month,basic,auto,60,1,36.4,0
1475,month-to-month,basic,manual,49,0,30.77,0
1476,month-to-month,basic,auto,7,2,26.34,1
1477,one-year,basic,auto,61,1,29.26,0
1478,one-year,basic,manual,36,1,18.0,0
1479,month-to-month,premium,manual,41,4,99.16,1
1480,month-to-month,standard,auto,70,1,62.6,0
1481,month-to-month,basic,manual,47,0,24.4,0
1482,one-year,basic,manual,2,2,25.49,0
1483,month-to-month,basic,auto,13,2,27.54,0
1484,month-to-month,premium,manual,31,2,105.95,0
1485,month-to-month,basic,auto,3,0,36.55,1
1486,month-to-month,standard,manual,13,1,59.43,0
1487,month-to-month,premium,auto,58,2,96.89,1
1488,one-year,basic,auto,11,0,27.04,0
1489,one-year,standard,auto,13,3,69.86,0
1490,one-year,premium,auto,37,3,100.87,0
1491,one-year,standard,manual,7,0,65.56,0
1492,one-year,basic,manual,19,4,33.22,1
1493,month-to-month,premium,auto,68,0,96.42,0
1494,one-year,premium,auto,46,0,108.18,0
1495,month-to-month,standard,auto,70,1,64.99,0
1496,month-to-month,standard,auto,26,1,59.86,0
1497,one-year,basic,auto,45,3,28.62,1
1498,month-to-month,premium,manual,18,1,107.39,1
1499,month-to-month,standard,manual,28,2,62.45,1
1500,one-year,basic,auto,13,0,35.7,0
1501,two-year,standard,auto,60,5,61.25,0
1502,two-year,premium,manual,14,2,95.41,0
1503,month-to-month,premium,auto,15,0,103.96,0
1504,month-to-month,basic,auto,34,2,24.76,0
1505,one-year,basic,auto,31,1,34.94,0
1506,month-to-month,premium,auto,23,2,102.11,0
1507,one-year,premium,auto,26,2,94.76,0
1508,month-to-month,standard,manual,22,1,64.57,0
1509,month-to-month,standard,auto,66,0,61.71,0
1510,month-to-month,standard,auto,42,2,67.09,0
1511,one-year,standard,auto,67,1,76.33,0
1512,month-to-month,basic,manual,72,2,27.78,0
1513,month-to-month,basic,auto,47,2,33.2,0
1514,month-to-month,basic,auto,60,1,30.15,0
1515,month-to-month,premium,auto,8,2,100.14,1
1516,month-to-month,basic,auto,69,0,29.01,0
1517,one-year,basic,auto,35,2,24.86,0
1518,month-to-month,standard,manual,52,2,67.01,0
1519,one-year,basic,auto,18,3,28.27,0
1520,two-year,basic,auto,7,1,24.57,0
1521,month-to-month,standard,auto,64,3,71.09,0
1522,month-to-month,basic,manual,33,1,30.59,0
1523,one-year,standard,manual,10,1,63.63,0
1524,month-to-month,premium,manual,48,2,108.04,0
1525,month-to-month,basic,auto,4,3,18.98,0
1526,two-year,premium,manual,33,0,107.64,0
1527,two-year,premium,manual,51,1,94.72,0
1528,one-year,premium,auto,52,1,101.27,0
1529,month-to-month,standard,auto,33,2,61.47,0
1530,one-year,standard,manual,27,2,59.46,1
1531,one-year,standard,auto,61,2,72.88,0
1532,month-to-month,standard,manual,14,3,76.14,1
1533,one-year,basic,auto,6,0,28.67,0
1534,month-to-month,premium,auto,12,0,102.01,0
1535,month-to-month,standard,auto,58,3,65.34,1
1536,month-to-month,standard,manual,34,3,75.38,1
1537,month-to-month,basic,manual,3,1,18.0,1
1538,month-to-month,basic,auto,13,0,32.26,1
1539,one-year,standard,auto,3,2,60.64,1
1540,two-year,standard,auto,59,2,50.86,0
1541,one-year,standard,auto,34,2,62.84,0
1542,one-year,basic,manual,5,2,41.09,0
1543,two-year,basic,auto,16,2,26.06,0
1544,month-to-month,standard,auto,45,3,69.74,0
1545,month-to-month,basic,auto,43,2,37.19,1
1546,month-to-month,premium,manual,59,1,99.92,0
1547,month-to-month,basic,auto,2,2,30.72,1
1548,one-year,basic,manual,5,2,19.7,0
1549,month-to-month,basic,auto,3,1,25.7,1
1550,month-to-month,standard,auto,29,1,70.44,1
1551,month-to-month,standard,manual,53,3,65.36,1
1552,month-to-month,standard,auto,48,2,67.2,0
1553,two-year,premium,manual,16,4,100.8,0
1554,month-to-month,basic,auto,48,4,43.15,1
1555,month-to-month,standard,manual,48,1,62.42,0
1556,month-to-month,basic,manual,14,0,39.63,0
1557,month-to-month,basic,manual,54,4,30.8,0
1558,one-year,standard,auto,31,2,75.17,0
1559,month-to-month,basic,manual,5,2,22.65,0
1560,month-to-month,standard,manual,29,1,66.11,0
1561,month-to-month,standard,auto,56,2,62.64,0
1562,one-year,standard,auto,51,0,65.84,0
1563,one-year,standard,manual,20,4,72.33,0
1564,one-year,standard,auto,55,2,67.27,0
1565,one-year,basic,manual,29,2,37.32,0
1566,one-year,basic,manual,34,2,25.98,0
1567,month-to-month,basic,auto,7,2,25.06,0
1568,month-to-month,standard,auto,72,2,65.1,0
1569,month-to-month,premium,auto,61,0,99.77,0
1570,month-to-month,basic,auto,15,1,28.88,0
1571,one-year,standard,manual,41,0,59.25,0
1572,month-to-month,standard,auto,57,5,72.19,0
1573,one-year,premium,auto,37,3,97.82,0
1574,two-year,standard,manual,16,1,73.56,1
1575,month-to-month,standard,auto,70,1,65.08,0
1576,two-year,standard,manual,20,2,68.89,0
1577,one-year,premium,auto,25,0,103.35,0
1578,two-year,basic,auto,27,1,25.05,0
1579,month-to-month,premium,auto,65,2,102.2,0
1580,month-to-month,basic,manual,37,1,41.57,0
1581,month-to-month,premium,manual,52,0,101.51,0
1582,month-to-month,basic,manual,65,5,35.41,0
1583,month-to-month,basic,manual,67,2,34.16,0
1584,two-year,basic,manual,62,3,31.84,1
1585,one-year,standard,manual,66,1,66.12,0
1586,month-to-month,basic,auto,69,2,33.28,1
1587,month-to-month,basic,manual,72,0,34.58,0
1588,month-to-month,standard,manual,47,1,56.89,1
1589,month-to-month,standard,manual,10,2,66.48,1
1590,two-year,standard,auto,9,1,63.9,0
1591,month-to-month,premium,auto,58,3,97.65,1
1592,month-to-month,standard,manual,23,2,72.78,1
1593,one-year,basic,auto,58,2,25.6,0
1594,month-to-month,basic,auto,68,1,21.63,0
1595,month-to-month,premium,manual,47,2,104.77,1
1596,one-year,basic,auto,56,1,21.48,0
1597,one-year,standard,auto,21,4,53.43,0
1598,two-year,premium,auto,32,1,105.45,0
1599,one-year,premium,auto,70,0,100.95,0
1600,month-to-month,standard,manual,59,2,67.84,0
1601,one-year,standard,manual,15,0,62.35,0
1602,two-year,standard,manual,68,1,56.69,0
1603,one-year,standard,manual,36,1,57.89,0
1604,two-year,basic,manual,61,0,28.37,0
1605,one-year,basic,auto,38,2,22.37,0
1606,two-year,standard,manual,44,2,66.84,0
1607,month-to-month,basic,auto,12,3,27.23,1
1608,one-year,standard,auto,25,3,66.11,0
1609,month-to-month,basic,manual,53,2,30.93,0
1610,one-year,premium,manual,61,2,102.32,0
1611,one-year,premium,auto,7,1,103.0,1
1612,two-year,standard,manual,6,1,62.94,0
1613,two-year,standard,auto,50,4,66.1,0
1614,month-to-month,basic,auto,33,4,31.42,0
1615,one-year,standard,auto,62,0,50.43,0
1616,one-year,basic,auto,5,1,33.88,1
1617,month-to-month,premium,auto,26,0,100.9,0
1618,month-to-month,premium,auto,3,1,103.38,1
1619,month-to-month,premium,auto,52,1,92.28,0
1620,one-year,premium,auto,62,2,98.11,0
1621,month-to-month,premium,manual,12,1,93.45,1
1622,two-year,basic,manual,24,2,34.47,0
1623,month-to-month,premium,manual,61,2,91.57,1
1624,two-year,standard,auto,3,3,59.43,1
1625,month-to-month,standard,manual,69,1,68.21,1
1626,one-year,standard,manual,64,0,61.22,0
1627,month-to-month,basic,auto,11,2,24.43,1
1628,one-year,basic,auto,11,1,35.44,0
1629,one-year,basic,auto,50,1,35.69,0
1630,two-year,basic,auto,1,0,34.33,1
1631,one-year,standard,auto,37,0,70.09,0
1632,month-to-month,premium,auto,5,2,98.61,0
1633,month-to-month,standard,auto,39,0,63.77,1
1634,month-to-month,standard,manual,26,3,61.11,0
1635,month-to-month,standard,auto,51,3,66.01,1
1636,one-year,standard,auto,64,2,61.83,0
1637,one-year,basic,manual,36,2,27.4,0
1638,one-year,premium,auto,47,3,103.6,1
1639,two-year,basic,auto,44,1,37.11,0
1640,one-year,standard,auto,71,1,67.39,0
1641,one-year,standard,auto,17,1,75.77,0
1642,month-to-month,standard,auto,18,0,60.77,0
1643,month-to-month,premium,auto,28,2,88.97,0
1644,one-year,basic,auto,54,1,34.29,0
1645,two-year,premium,manual,63,2,95.37,0
1646,month-to-month,standard,manual,21,2,63.36,1
1647,month-to-month,standard,auto,8,2,54.38,1
1648,one-year,standard,auto,44,1,59.6,0
1649,month-to-month,premium,auto,44,0,90.99,0
1650,month-to-month,premium,manual,27,2,97.39,0
1651,two-year,standard,manual,14,1,62.63,1
1652,one-year,premium,auto,62,2,100.54,0
1653,month-to-month,standard,auto,61,2,72.44,0
1654,two-year,standard,auto,54,2,69.06,0
1655,month-to-month,premium,manual,42,2,90.27,1
1656,two-year,basic,manual,19,0,33.65,0
1657,month-to-month,standard,auto,30,4,65.67,1
1658,one-year,basic,auto,5,0,29.41,0
1659,month-to-month,basic,auto,18,3,29.86,0
1660,month-to-month,premium,manual,33,0,101.23,0
1661,two-year,basic,manual,32,1,25.85,0
1662,month-to-month,basic,auto,6,0,28.91,0
1663,month-to-month,basic,auto,69,2,37.1,0
1664,month-to-month,standard,auto,20,0,60.78,0
1665,one-year,premium,auto,37,0,93.82,0
1666,one-year,premium,manual,34,2,99.63,0
1667,two-year,basic,auto,34,1,23.22,0
1668,month-to-month,standard,manual,61,0,54.66,0
1669,month-to-month,standard,auto,54,1,62.93,0
1670,month-to-month,standard,auto,63,0,73.69,0
1671,one-year,standard,auto,28,1,64.77,0
1672,two-year,basic,auto,20,1,31.07,0
1673,one-year,standard,auto,31,0,52.22,0
1674,one-year,standard,manual,41,0,67.63,0
1675,month-to-month,standard,auto,25,2,65.56,0
1676,two-year,standard,auto,34,2,61.01,0
1677,month-to-month,premium,auto,11,0,101.08,0
1678,month-to-month,standard,auto,43,0,66.02,1
1679,month-to-month,basic,manual,52,0,23.64,0
1680,month-to-month,premium,manual,38,1,101.99,1
1681,month-to-month,premium,auto,63,3,107.18,0
1682,month-to-month,basic,manual,72,3,28.63,0
1683,month-to-month,standard,manual,66,0,59.79,0
1684,one-year,basic,manual,7,1,28.93,1
1685,month-to-month,standard,auto,64,1,70.13,0
1686,month-to-month,basic,auto,25,2,22.64,1
1687,two-year,standard,auto,33,1,68.47,0
1688,one-year,basic,manual,30,2,25.93,1
1689,month-to-month,standard,manual,21,1,66.45,1
1690,month-to-month,premium,auto,64,2,96.61,0
1691,two-year,basic,auto,46,4,26.6,0
1692,month-to-month,premium,manual,70,3,109.14,0
1693,month-to-month,premium,manual,69,1,91.55,0
1694,two-year,premium,auto,31,0,102.91,0
1695,month-to-month,basic,manual,53,1,40.39,1
1696,one-year,premium,auto,37,1,104.11,0
1697,one-year,basic,auto,36,1,22.01,0
1698,one-year,basic,auto,54,1,22.31,0
1699,month-to-month,premium,manual,50,3,95.49,1
1700,month-to-month,standard,manual,66,0,65.95,0
1701,month-to-month,standard,auto,56,4,66.36,0
1702,month-to-month,basic,auto,45,3,22.37,0
1703,two-year,premium,auto,67,1,94.76,0
1704,month-to-month,standard,auto,8,2,60.13,1
1705,one-year,standard,auto,55,1,63.92,0
1706,one-year,premium,auto,29,1,111.91,0
1707,one-year,basic,auto,32,3,24.4,0
1708,month-to-month,basic,auto,57,3,24.14,0
1709,month-to-month,standard,auto,20,1,58.2,0
1710,two-year,premium,manual,64,1,103.81,0
1711,one-year,basic,auto,36,1,29.75,0
1712,one-year,basic,manual,26,0,24.62,0
1713,two-year,basic,manual,24,2,27.82,0
1714,one-year,premium,auto,31,8,95.25,1
1715,month-to-month,basic,auto,68,4,31.78,0
1716,one-year,standard,auto,8,2,81.11,0
1717,month-to-month,premium,auto,37,4,103.31,1
1718,one-year,basic,auto,61,1,29.44,0
1719,two-year,standard,auto,34,1,61.01,0
1720,month-to-month,standard,auto,41,1,56.94,1
1721,month-to-month,premium,auto,26,0,104.4,0
1722,month-to-month,basic,auto,10,2,34.08,1
1723,two-year,standard,manual,47,1,62.2,0
1724,month-to-month,basic,auto,67,0,37.28,0
1725,month-to-month,standard,auto,38,0,65.13,0
1726,month-to-month,standard,manual,32,4,69.65,1
1727,month-to-month,basic,auto,10,3,31.78,1
1728,month-to-month,basic,manual,69,0,28.94,0
1729,month-to-month,premium,auto,63,2,94.27,1
1730,month-to-month,basic,auto,65,2,29.13,0
1731,month-to-month,basic,manual,26,0,35.05,1
1732,month-to-month,standard,auto,46,0,61.95,0
1733,month-to-month,basic,auto,32,2,32.64,1
1734,month-to-month,basic,manual,17,0,23.5,1
1735,one-year,standard,manual,15,1,69.68,0
1736,month-to-month,basic,manual,28,1,31.88,0
1737,month-to-month,standard,auto,40,3,57.79,0
1738,month-to-month,standard,auto,9,1,63.66,1
1739,month-to-month,standard,manual,51,2,70.59,0
1740,month-to-month,basic,auto,33,0,22.45,1
1741,month-to-month,premium,auto,64,3,93.57,0
1742,two-year,basic,manual,21,0,29.58,0
1743,month-to-month,standard,auto,4,1,77.8,0
1744,month-to-month,basic,auto,23,0,25.96,0
1745,month-to-month,standard,auto,71,2,67.97,0
1746,month-to-month,basic,auto,24,3,31.56,0
1747,month-to-month,basic,manual,51,1,26.46,1
1748,one-year,standard,manual,61,1,65.97,0
1749,one-year,basic,auto,21,1,27.31,0
1750,month-to-month,basic,auto,47,0,27.85,0
1751,month-to-month,standard,auto,15,4,55.03,1
1752,month-to-month,premium,auto,27,2,99.85,0
1753,month-to-month,basic,auto,22,1,35.39,1
1754,one-year,premium,manual,49,2,100.34,0
1755,month-to-month,standard,auto,64,1,71.54,0
1756,month-to-month,premium,auto,19,1,103.48,0
1757,two-year,standard,manual,21,3,64.64,0
1758,month-to-month,standard,auto,60,0,61.23,0
1759,month-to-month,standard,manual,34,1,62.08,1
1760,one-year,standard,auto,37,3,56.18,1
1761,month-to-month,premium,auto,51,1,98.4,0
1762,month-to-month,basic,manual,10,1,30.88,1
1763,month-to-month,basic,auto,63,3,40.29,0
1764,two-year,basic,auto,27,0,33.17,1
1765,month-to-month,premium,auto,48,2,94.81,1
1766,month-to-month,standard,manual,32,0,56.36,1
1767,month-to-month,standard,auto,55,0,63.76,0
1768,month-to-month,premium,auto,45,3,104.87,1
1769,one-year,premium,manual,13,2,98.68,1
1770,month-to-month,basic,manual,14,1,33.25,1
1771,one-year,standard,auto,64,2,63.91,0
1772,one-year,premium,auto,38,2,104.3,0
1773,one-year,basic,auto,20,0,20.42,0
1774,month-to-month,standard,auto,11,1,74.63,0
1775,two-year,basic,auto,10,2,23.33,0
1776,one-year,standard,auto,67,1,69.76,0
1777,month-to-month,standard,auto,71,1,63.37,0
1778,one-year,basic,auto,29,3,29.31,0
1779,two-year,basic,manual,15,1,28.55,0
1780,month-to-month,basic,auto,31,1,31.53,1
1781,two-year,basic,manual,10,0,32.75,0
1782,month-to-month,standard,manual,40,3,71.35,1
1783,one-year,basic,auto,46,3,38.45,0
1784,two-year,basic,manual,71,1,31.99,0
1785,month-to-month,standard,manual,23,1,75.28,1
1786,one-year,standard,auto,15,2,65.56,0
1787,month-to-month,standard,manual,10,0,71.46,1
1788,one-year,premium,auto,28,1,102.57,0
1789,one-year,basic,manual,44,5,26.7,0
1790,month-to-month,premium,auto,5,1,101.09,1
1791,month-to-month,basic,auto,55,0,33.02,0
1792,month-to-month,standard,auto,34,0,64.81,0
1793,month-to-month,premium,manual,58,1,102.48,0
1794,month-to-month,premium,auto,34,2,105.19,0
1795,month-to-month,standard,auto,12,3,64.86,0
1796,month-to-month,standard,auto,2,3,47.34,0
1797,month-to-month,basic,auto,41,2,40.07,0
1798,one-year,standard,manual,39,4,63.21,1
1799,one-year,standard,manual,59,2,60.06,0
1800,one-year,premium,auto,64,0,93.26,1
1801,month-to-month,standard,auto,12,2,62.98,0
1802,two-year,basic,auto,23,2,26.62,1
1803,one-year,standard,auto,15,2,60.58,1
1804,month-to-month,basic,manual,8,0,25.91,0
1805,month-to-month,basic,manual,1,0,33.18,0
1806,one-year,basic,auto,6,0,42.18,0
1807,month-to-month,standard,auto,38,1,69.92,0
1808,month-to-month,basic,auto,11,1,36.74,0
1809,two-year,basic,auto,15,1,27.74,0
1810,month-to-month,basic,auto,9,2,30.63,0
1811,month-to-month,premium,manual,53,5,102.56,1
1812,two-year,standard,auto,46,1,61.04,0
1813,one-year,basic,manual,70,5,27.45,0
1814,month-to-month,basic,auto,9,1,35.13,1
1815,two-year,standard,auto,16,2,71.54,0
1816,two-year,basic,auto,33,0,30.4,0
1817,month-to-month,standard,auto,47,1,57.83,1
1818,one-year,standard,auto,10,2,63.23,1
1819,month-to-month,premium,auto,16,2,91.35,0
1820,month-to-month,basic,manual,31,1,30.45,0
1821,one-year,standard,auto,2,1,66.53,0
1822,month-to-month,basic,manual,29,0,28.38,1
1823,one-year,premium,manual,55,0,101.45,0
1824,one-year,premium,auto,38,0,102.5,0
1825,month-to-month,standard,auto,32,1,66.54,0
1826,one-year,standard,auto,36,2,57.79,0
1827,month-to-month,basic,auto,69,1,28.48,0
1828,two-year,premium,manual,38,0,102.46,0
1829,month-to-month,standard,manual,39,0,74.47,0
1830,one-year,basic,auto,68,2,28.37,0
1831,one-year,standard,auto,12,2,68.31,0
1832,month-to-month,standard,manual,7,2,70.27,1
1833,one-year,premium,manual,33,2,98.82,0
1834,one-year,standard,auto,23,2,71.89,1
1835,one-year,standard,manual,15,2,72.21,1
1836,one-year,standard,auto,9,1,73.28,0
1837,two-year,basic,auto,64,1,32.75,0
1838,month-to-month,basic,auto,45,3,44.16,0
1839,month-to-month,basic,auto,50,5,26.31,0
1840,month-to-month,standard,manual,9,1,77.74,1
1841,one-year,standard,auto,25,1,69.61,0
1842,month-to-month,standard,auto,45,2,73.04,0
1843,month-to-month,basic,auto,39,0,28.08,0
1844,month-to-month,basic,auto,51,2,35.07,1
1845,two-year,standard,auto,49,1,73.56,0
1846,month-to-month,basic,auto,30,2,23.48,0
1847,one-year,basic,manual,57,1,29.02,0
1848,month-to-month,standard,auto,19,1,52.15,0
1849,two-year,basic,manual,6,1,28.93,0
1850,month-to-month,basic,auto,66,0,25.1,0
1851,month-to-month,standard,manual,2,1,63.69,1
1852,two-year,premium,manual,21,3,117.54,0
1853,two-year,basic,auto,9,1,40.31,1
1854,month-to-month,standard,auto,17,1,56.36,0
1855,month-to-month,premium,manual,29,2,103.33,1
1856,one-year,standard,auto,10,2,69.79,0
1857,two-year,standard,manual,34,1,62.97,1
1858,month-to-month,standard,auto,67,0,66.07,0
1859,month-to-month,standard,auto,10,1,66.66,1
1860,one-year,standard,auto,67,1,56.92,0
1861,one-year,standard,manual,30,0,58.81,0
1862,one-year,basic,auto,43,3,31.03,0
1863,one-year,basic,manual,32,1,30.6,0
1864,month-to-month,standard,manual,23,1,60.75,0
1865,two-year,basic,auto,8,4,25.23,0
1866,two-year,standard,auto,43,3,64.46,1
1867,one-year,standard,auto,66,1,70.32,0
1868,month-to-month,premium,auto,38,1,99.54,0
1869,month-to-month,basic,manual,44,0,39.74,0
1870,one-year,standard,auto,47,1,60.83,0
1871,month-to-month,standard,auto,28,1,66.16,0
1872,two-year,basic,manual,9,0,27.87,0
1873,month-to-month,basic,auto,37,2,33.53,0
1874,one-year,basic,auto,63,0,25.31,0
1875,two-year,basic,auto,23,2,41.56,0
1876,month-to-month,basic,auto,63,1,19.86,0
1877,month-to-month,standard,manual,62,2,75.29,0
1878,one-year,standard,auto,18,0,65.54,0
1879,one-year,basic,auto,42,0,33.31,0
1880,month-to-month,basic,auto,54,4,38.01,1
1881,one-year,basic,auto,36,2,35.15,0
1882,two-year,standard,manual,51,1,60.62,1
1883,month-to-month,basic,auto,66,4,33.6,0
1884,month-to-month,standard,manual,46,0,76.2,0
1885,month-to-month,basic,manual,61,3,24.68,0
1886,month-to-month,basic,auto,58,1,42.71,0
1887,month-to-month,premium,manual,59,3,102.31,0
1888,month-to-month,basic,auto,62,1,27.4,0
1889,one-year,basic,manual,17,1,24.64,0
1890,month-to-month,basic,auto,2,2,28.66,0
1891,two-year,premium,auto,12,2,88.27,0
1892,month-to-month,standard,auto,18,2,62.51,1
1893,month-to-month,standard,auto,50,1,63.42,0
1894,one-year,premium,manual,37,2,93.55,1
1895,two-year,basic,auto,34,2,34.49,0
1896,month-to-month,premium,auto,1,2,98.69,1
1897,month-to-month,basic,auto,50,5,26.19,0
1898,month-to-month,standard,manual,27,4,63.05,0
1899,month-to-month,standard,manual,55,1,67.13,0
1900,month-to-month,basic,auto,9,4,30.44,1
1901,month-to-month,premium,auto,22,0,95.79,0
1902,month-to-month,basic,auto,4,1,30.75,0
1903,month-to-month,premium,manual,21,2,99.7,1
1904,two-year,basic,manual,67,0,23.16,0
1905,one-year,standard,auto,36,3,63.27,0
1906,month-to-month,premium,manual,32,0,103.48,0
1907,month-to-month,basic,auto,20,1,33.43,1
1908,month-to-month,premium,manual,20,2,98.62,1
1909,month-to-month,standard,auto,49,2,69.06,0
1910,one-year,standard,auto,71,1,59.12,0
1911,two-year,basic,auto,54,3,24.31,0
1912,two-year,standard,auto,54,1,63.49,0
1913,two-year,standard,manual,34,1,73.99,0
1914,two-year,standard,auto,8,1,65.98,0
1915,two-year,basic,manual,53,3,28.35,0
1916,month-to-month,basic,manual,59,0,39.26,0
1917,month-to-month,premium,manual,37,1,98.28,1
1918,month-to-month,basic,manual,7,0,43.41,1
1919,one-year,standard,auto,52,2,61.93,0
1920,month-to-month,premium,auto,67,1,93.93,0
1921,one-year,basic,auto,17,0,29.0,1
1922,one-year,basic,auto,12,2,28.51,0
1923,month-to-month,standard,manual,54,2,60.15,0
1924,month-to-month,basic,auto,24,2,45.61,0
1925,month-to-month,standard,auto,52,1,66.91,0
1926,month-to-month,standard,auto,51,0,67.79,0
1927,two-year,standard,auto,20,0,62.23,0
1928,one-year,basic,manual,4,1,26.53,0
1929,one-year,standard,auto,41,2,71.15,0
1930,month-to-month,standard,manual,30,2,54.94,1
1931,month-to-month,basic,manual,62,2,23.14,0
1932,month-to-month,standard,manual,26,2,63.52,0
1933,one-year,premium,auto,18,3,108.11,0
1934,one-year,standard,manual,62,1,62.75,0
1935,month-to-month,standard,auto,53,3,67.5,0
1936,two-year,basic,auto,45,5,30.17,0
1937,month-to-month,basic,manual,69,3,37.78,0
1938,two-year,basic,manual,57,1,20.49,1
1939,month-to-month,basic,auto,63,1,34.42,0
1940,month-to-month,premium,manual,58,1,98.81,0
1941,one-year,basic,auto,29,2,35.55,0
1942,month-to-month,premium,auto,5,3,95.08,1
1943,month-to-month,basic,manual,44,0,30.15,0
1944,month-to-month,basic,auto,56,3,29.38,0
1945,month-to-month,standard,manual,72,4,58.99,0
1946,one-year,basic,auto,50,3,22.32,0
1947,two-year,standard,manual,41,2,61.52,0
1948,two-year,premium,manual,42,1,100.78,0
1949,month-to-month,premium,manual,9,2,95.46,1
1950,month-to-month,basic,auto,1,1,28.02,0
1951,month-to-month,standard,manual,4,3,53.69,1
1952,month-to-month,basic,auto,66,3,27.78,0
1953,month-to-month,premium,manual,57,0,106.14,0
1954,two-year,standard,auto,19,1,69.23,0
1955,two-year,basic,auto,31,2,29.48,1
1956,one-year,basic,manual,35,3,31.46,0
1957,month-to-month,basic,auto,18,0,25.03,1
1958,month-to-month,basic,auto,31,2,39.75,0
1959,month-to-month,premium,manual,26,1,112.41,0
1960,month-to-month,standard,auto,51,2,65.99,0
1961,month-to-month,premium,auto,55,3,115.54,0
1962,month-to-month,basic,auto,8,1,25.92,1
1963,month-to-month,standard,auto,34,2,57.49,0
1964,two-year,basic,auto,72,2,25.74,0
1965,month-to-month,standard,auto,63,3,63.68,0
1966,two-year,basic,auto,58,0,43.87,0
1967,month-to-month,basic,auto,53,0,28.31,0
1968,one-year,standard,auto,1,3,59.84,0
1969,month-to-month,basic,manual,71,1,24.61,0
1970,month-to-month,standard,manual,53,2,71.84,0
1971,month-to-month,standard,auto,64,2,70.98,0
1972,month-to-month,basic,auto,66,1,27.09,0
1973,two-year,premium,manual,19,0,88.75,0
1974,month-to-month,standard,auto,1,0,58.23,0
1975,one-year,premium,auto,48,2,110.33,0
1976,month-to-month,standard,auto,34,2,69.13,0
1977,month-to-month,standard,auto,2,3,65.39,0
1978,month-to-month,standard,manual,20,1,76.21,0
1979,month-to-month,premium,manual,72,4,111.75,1
1980,two-year,standard,manual,27,3,64.78,0
1981,one-year,basic,auto,19,0,29.89,0
1982,one-year,basic,auto,48,0,26.51,0
1983,month-to-month,standard,auto,48,0,63.29,0
1984,month-to-month,basic,auto,24,1,21.08,0
1985,two-year,basic,auto,62,3,21.06,0
1986,month-to-month,basic,manual,42,2,19.66,0
1987,month-to-month,standard,auto,12,0,71.51,0
1988,month-to-month,basic,manual,24,1,20.63,1
1989,one-year,standard,auto,62,2,76.7,0
1990,one-year,standard,auto,7,1,60.62,1
1991,one-year,premium,manual,1,3,110.42,0
1992,one-year,basic,manual,48,0,27.81,0
1993,month-to-month,standard,auto,32,2,55.6,0
1994,two-year,standard,auto,19,1,72.7,0
1995,month-to-month,standard,auto,34,2,73.41,0
1996,one-year,standard,auto,14,1,59.56,0
1997,month-to-month,basic,auto,27,3,28.01,0
1998,two-year,premium,auto,17,3,94.57,0
1999,month-to-month,basic,manual,43,1,29.28,1
2000,month-to-month,premium,auto,49,3,100.65,0
2001,month-to-month,standard,manual,66,1,62.89,0
2002,month-to-month,basic,manual,5,3,19.09,1
2003,month-to-month,standard,auto,24,1,61.51,0
2004,one-year,basic,auto,20,1,34.22,0
2005,month-to-month,standard,auto,42,0,63.75,0
2006,two-year,standard,manual,39,0,63.04,0
2007,month-to-month,basic,manual,64,2,24.42,0
2008,one-year,basic,manual,67,2,26.34,0
2009,month-to-month,standard,auto,56,0,73.45,0
2010,one-year,basic,auto,15,3,23.16,0
2011,one-year,premium,auto,3,1,104.32,0
2012,month-to-month,standard,auto,65,1,65.28,0
2013,two-year,standard,manual,68,2,66.47,0
2014,month-to-month,basic,auto,19,0,25.61,0
2015,month-to-month,standard,auto,4,1,62.89,0
2016,one-year,premium,auto,50,1,99.97,0
2017,one-year,basic,auto,43,0,26.88,0
2018,month-to-month,basic,manual,64,1,31.99,0
2019,month-to-month,basic,auto,42,1,32.74,0
2020,two-year,basic,manual,55,3,43.04,0
2021,one-year,standard,manual,57,1,66.67,0
2022,two-year,standard,manual,1,1,53.53,0
2023,month-to-month,standard,manual,11,3,71.98,1
2024,one-year,basic,manual,57,0,28.78,0
2025,month-to-month,basic,manual,13,2,42.07,1
2026,two-year,basic,auto,15,1,38.83,0
2027,month-to-month,premium,auto,55,2,96.97,0
2028,one-year,standard,auto,15,4,69.33,0
2029,month-to-month,basic,auto,11,3,26.44,0
2030,one-year,standard,auto,1,0,65.02,1
2031,one-year,basic,manual,34,1,34.06,0
2032,month-to-month,basic,auto,46,0,36.68,0
2033,two-year,basic,auto,53,2,35.37,0
2034,month-to-month,premium,manual,66,5,100.45,1
2035,one-year,standard,auto,47,3,79.9,0
2036,month-to-month,standard,manual,55,2,62.81,1
2037,month-to-month,basic,auto,16,1,20.36,0
2038,month-to-month,basic,manual,25,3,21.51,1
2039,month-to-month,standard,manual,22,1,73.84,1
2040,month-to-month,basic,auto,5,1,29.54,1
2041,one-year,premium,auto,70,2,100.95,0
2042,one-year,standard,auto,18,1,61.74,1
2043,one-year,standard,auto,33,3,62.28,0
2044,month-to-month,standard,auto,26,3,60.28,1
2045,month-to-month,premium,manual,4,0,102.83,1
2046,month-to-month,standard,auto,66,2,64.42,0
2047,one-year,standard,manual,16,1,67.61,1
2048,two-year,premium,auto,8,1,102.04,1
2049,month-to-month,basic,manual,25,5,27.44,1
2050,one-year,premium,auto,11,3,91.25,0
2051,month-to-month,basic,auto,72,0,20.73,0
2052,month-to-month,standard,auto,14,2,83.16,0
2053,month-to-month,standard,auto,22,2,73.87,1
2054,month-to-month,standard,manual,20,2,73.04,1
2055,one-year,standard,auto,2,0,60.95,0
2056,two-year,standard,auto,1,2,65.06,1
2057,month-to-month,basic,auto,37,0,25.11,0
2058,month-to-month,basic,manual,17,1,22.13,0
2059,one-year,basic,auto,7,1,26.47,0
2060,two-year,standard,auto,21,1,72.96,0
2061,one-year,standard,auto,20,1,70.04,0
2062,month-to-month,basic,auto,31,0,24.18,1
2063,one-year,premium,auto,72,0,98.11,0
2064,month-to-month,basic,manual,23,0,34.49,1
2065,two-year,standard,auto,51,0,61.57,0
2066,month-to-month,standard,manual,56,2,65.48,0
2067,one-year,basic,auto,4,0,32.41,0
2068,month-to-month,standard,auto,37,5,67.35,1
2069,month-to-month,standard,auto,33,2,66.52,0
2070,two-year,basic,auto,37,1,26.08,1
2071,one-year,premium,auto,13,0,96.69,0
2072,month-to-month,premium,auto,34,1,93.2,0
2073,two-year,standard,auto,9,3,55.63,1
2074,two-year,premium,manual,69,2,99.31,0
2075,month-to-month,premium,auto,43,1,104.9,0
2076,month-to-month,basic,auto,3,2,21.72,1
2077,month-to-month,standard,auto,37,1,66.64,0
2078,one-year,standard,auto,67,0,69.71,0
2079,month-to-month,basic,manual,54,1,18.98,1
2080,month-to-month,basic,auto,20,0,28.38,1
2081,two-year,basic,auto,65,2,39.88,0
2082,two-year,standard,auto,14,1,68.31,0
2083,one-year,standard,auto,18,5,53.78,1
2084,two-year,standard,manual,12,0,68.95,0
2085,one-year,basic,auto,67,3,25.51,0
2086,one-year,basic,manual,52,2,34.15,0
2087,one-year,standard,auto,38,1,60.86,0
2088,month-to-month,standard,manual,49,1,64.68,1
2089,month-to-month,premium,auto,19,0,96.77,0
2090,month-to-month,premium,auto,6,1,100.02,1
2091,one-year,premium,manual,61,2,96.6,0
2092,month-to-month,premium,auto,70,2,98.66,0
2093,month-to-month,premium,auto,3,2,92.95,0
2094,one-year,standard,manual,4,2,67.94,1
2095,month-to-month,basic,auto,41,0,31.05,0
2096,month-to-month,basic,manual,4,3,20.3,1
2097,one-year,basic,manual,52,2,35.96,1
2098,two-year,basic,manual,69,2,28.94,0
2099,month-to-month,basic,manual,21,1,30.97,1
2100,month-to-month,premium,auto,22,1,104.59,1
2101,month-to-month,basic,auto,63,0,31.97,0
2102,one-year,premium,auto,26,0,106.99,0
2103,one-year,standard,manual,18,0,63.24,0
2104,month-to-month,standard,manual,7,0,71.21,0
2105,one-year,standard,auto,61,1,65.74,0
2106,month-to-month,basic,auto,67,1,33.05,1
2107,month-to-month,standard,auto,6,1,67.42,0
2108,two-year,basic,auto,58,3,37.44,0
2109,month-to-month,premium,manual,12,2,104.33,1
2110,month-to-month,basic,auto,10,2,27.34,1
2111,month-to-month,basic,manual,28,2,26.15,1
2112,one-year,standard,manual,32,1,64.7,0
2113,two-year,standard,manual,62,0,60.44,0
2114,two-year,standard,auto,51,0,58.69,0
2115,month-to-month,standard,manual,11,4,52.23,1
2116,month-to-month,basic,manual,43,1,20.7,0
2117,one-year,standard,manual,64,0,76.91,0
2118,month-to-month,basic,auto,48,2,26.06,1
2119,two-year,basic,auto,17,2,41.42,0
2120,one-year,basic,manual,10,3,32.42,1
2121,month-to-month,basic,auto,33,0,29.7,0
2122,one-year,basic,auto,34,4,21.0,0
2123,month-to-month,standard,auto,26,0,65.03,0
2124,month-to-month,basic,auto,8,1,41.35,1
2125,one-year,basic,auto,9,2,39.35,0
2126,month-to-month,standard,auto,39,1,66.65,0
2127,one-year,basic,auto,68,1,23.11,0
2128,one-year,standard,manual,44,1,59.26,0
2129,two-year,premium,manual,32,0,94.88,0
2130,two-year,standard,auto,68,0,72.67,0
2131,month-to-month,premium,auto,50,2,109.79,1
2132,month-to-month,basic,auto,52,1,31.18,0
2133,one-year,basic,auto,42,1,28.18,0
2134,two-year,standard,manual,55,1,74.29,0
2135,month-to-month,standard,auto,37,1,59.13,0
2136,month-to-month,premium,auto,45,1,100.31,0
2137,month-to-month,basic,auto,45,1,32.78,0
2138,month-to-month,standard,auto,55,2,59.82,1
2139,one-year,basic,manual,65,0,26.18,0
2140,month-to-month,basic,manual,22,3,25.72,1
2141,one-year,basic,auto,51,1,38.5,0
2142,one-year,premium,auto,3,0,111.49,0
2143,one-year,basic,manual,39,2,30.69,0
2144,month-to-month,premium,auto,65,3,98.39,0
2145,month-to-month,standard,manual,47,3,61.4,1
2146,one-year,standard,manual,20,4,65.01,1
2147,one-year,standard,auto,44,2,61.7,0
2148,month-to-month,premium,manual,26,0,99.42,1
2149,two-year,basic,auto,32,2,32.48,0
2150,month-to-month,basic,manual,17,3,27.57,1
2151,two-year,standard,auto,45,1,63.86,0
2152,month-to-month,basic,auto,15,2,28.89,1
2153,month-to-month,basic,auto,32,1,28.09,0
2154,month-to-month,basic,auto,68,2,27.35,1
2155,month-to-month,basic,auto,55,1,34.57,0
2156,month-to-month,basic,auto,30,2,19.38,0
2157,month-to-month,basic,auto,70,0,39.45,0
2158,month-to-month,premium,auto,2,2,100.81,1
2159,one-year,basic,auto,70,2,33.66,0
2160,month-to-month,premium,manual,26,2,104.35,1
2161,one-year,premium,manual,60,2,95.75,0
2162,one-year,basic,auto,69,1,24.51,0
2163,month-to-month,standard,auto,44,2,58.81,0
2164,month-to-month,standard,manual,44,2,63.52,0
2165,two-year,standard,manual,54,0,69.2,0
2166,one-year,basic,auto,18,1,26.5,0
2167,month-to-month,basic,manual,13,2,33.65,1
2168,one-year,basic,auto,25,4,18.0,0
2169,month-to-month,standard,auto,35,1,62.69,1
2170,month-to-month,premium,manual,54,1,107.0,0
2171,one-year,standard,manual,19,1,63.97,1
2172,month-to-month,standard,manual,41,0,60.03,0
2173,one-year,premium,auto,1,1,96.06,1
2174,month-to-month,standard,auto,3,0,46.83,1
2175,one-year,basic,auto,70,2,23.93,0
2176,month-to-month,premium,auto,62,2,106.34,0
2177,month-to-month,basic,auto,63,2,26.5,0
2178,month-to-month,basic,auto,24,0,27.21,1
2179,month-to-month,standard,auto,37,2,51.01,1
2180,one-year,premium,manual,49,0,90.21,0
2181,month-to-month,basic,auto,19,1,37.14,0
2182,month-to-month,standard,auto,54,6,68.7,0
2183,month-to-month,basic,manual,50,1,22.22,0
2184,month-to-month,basic,auto,30,1,26.22,1
2185,one-year,basic,manual,32,0,29.82,1
2186,month-to-month,standard,auto,23,1,57.82,1
2187,two-year,premium,auto,58,1,87.98,0
2188,month-to-month,basic,manual,72,1,29.04,1
2189,one-year,basic,auto,72,2,33.44,0
2190,month-to-month,basic,manual,56,0,33.55,0
2191,month-to-month,basic,manual,26,1,35.25,0
2192,two-year,standard,auto,57,2,55.68,0
2193,two-year,standard,manual,18,2,65.35,0
2194,two-year,standard,manual,65,0,63.39,0
2195,month-to-month,basic,manual,20,0,29.48,0
2196,month-to-month,standard,auto,30,1,63.73,1
2197,one-year,basic,auto,7,2,26.04,0
2198,month-to-month,basic,manual,6,1,18.0,0
2199,one-year,premium,auto,29,1,106.97,0
2200,one-year,standard,auto,40,1,66.98,0
2201,one-year,premium,auto,2,0,91.09,1
2202,one-year,premium,auto,61,1,102.84,0
2203,one-year,standard,auto,9,4,62.32,0
2204,month-to-month,premium,auto,72,0,97.49,0
2205,month-to-month,standard,auto,20,5,60.39,1
2206,one-year,basic,auto,28,0,33.22,0
2207,month-to-month,basic,manual,12,2,25.2,1
2208,month-to-month,basic,auto,60,1,23.42,0
2209,month-to-month,basic,auto,53,3,36.79,0
2210,one-year,basic,auto,6,0,28.93,0
2211,one-year,standard,auto,8,0,64.12,1
2212,one-year,standard,manual,44,3,69.15,0
2213,month-to-month,standard,manual,63,0,60.99,0
2214,month-to-month,basic,auto,8,4,27.19,0
2215,month-to-month,standard,auto,16,1,66.83,1
2216,month-to-month,basic,auto,40,2,20.75,1
2217,one-year,basic,auto,8,1,31.33,1
2218,one-year,basic,auto,22,0,25.47,1
2219,month-to-month,basic,auto,1,2,35.13,0
2220,month-to-month,basic,auto,36,1,33.28,1
2221,month-to-month,premium,auto,52,2,102.49,1
2222,two-year,standard,auto,30,3,55.36,0
2223,one-year,standard,auto,19,0,64.38,0
2224,month-to-month,basic,auto,31,5,22.94,1
2225,two-year,premium,auto,37,2,99.78,0
2226,month-to-month,standard,auto,12,0,51.11,1
2227,month-to-month,basic,auto,9,3,20.76,0
2228,two-year,standard,auto,14,1,72.13,0
2229,month-to-month,standard,auto,71,2,67.21,0
2230,month-to-month,standard,manual,53,3,62.88,0
2231,one-year,basic,manual,10,3,24.55,0
2232,month-to-month,standard,auto,22,1,58.49,1
2233,one-year,basic,auto,30,2,31.2,0
2234,month-to-month,basic,manual,14,2,27.94,1
2235,month-to-month,basic,manual,62,1,39.28,0
2236,month-to-month,premium,auto,68,0,98.89,0
2237,month-to-month,basic,auto,18,1,30.35,1
2238,month-to-month,basic,auto,2,0,21.67,1
2239,month-to-month,basic,auto,20,0,27.84,1
2240,two-year,premium,auto,42,1,101.06,0
2241,month-to-month,standard,auto,59,1,62.76,0
2242,month-to-month,premium,auto,25,2,97.09,1
2243,month-to-month,basic,auto,20,3,31.96,1
2244,month-to-month,basic,auto,18,2,39.09,0
2245,month-to-month,standard,manual,1,0,65.87,1
2246,one-year,basic,auto,2,0,36.87,0
2247,month-to-month,premium,auto,31,2,103.73,1
2248,two-year,premium,auto,45,2,106.51,0
2249,two-year,standard,manual,1,0,61.34,1
2250,month-to-month,premium,auto,15,2,98.76,0
2251,month-to-month,standard,auto,66,1,63.78,0
2252,month-to-month,basic,auto,72,1,33.28,1
2253,one-year,standard,manual,47,1,69.75,0
2254,month-to-month,basic,manual,38,2,30.75,1
2255,two-year,premium,manual,42,0,105.26,1
2256,one-year,basic,manual,27,1,26.62,0
2257,one-year,basic,auto,15,1,35.31,0
2258,month-to-month,standard,auto,28,4,71.09,0
2259,two-year,basic,auto,51,1,34.06,0
2260,month-to-month,basic,manual,48,1,30.81,1
2261,month-to-month,standard,auto,49,0,69.28,0
2262,month-to-month,basic,auto,44,1,24.64,0
2263,two-year,standard,manual,5,1,66.19,1
2264,one-year,basic,auto,46,3,31.8,0
2265,one-year,basic,auto,64,0,22.02,0
2266,month-to-month,basic,auto,47,0,32.85,0
2267,two-year,standard,manual,42,0,57.51,0
2268,month-to-month,premium,manual,17,1,97.43,1
2269,month-to-month,basic,auto,58,1,30.24,0
2270,two-year,premium,manual,33,1,95.62,0
2271,month-to-month,standard,manual,19,1,65.5,1
2272,month-to-month,standard,manual,36,0,65.4,0
2273,one-year,standard,manual,9,1,60.08,0
2274,month-to-month,standard,auto,67,4,68.41,1
2275,month-to-month,premium,manual,51,1,95.42,0
2276,month-to-month,standard,auto,24,2,78.73,1
2277,month-to-month,standard,manual,58,0,64.34,0
2278,two-year,basic,auto,4,1,22.97,0
2279,one-year,basic,manual,28,0,24.09,0
2280,month-to-month,standard,manual,47,1,71.89,0
2281,month-to-month,basic,auto,2,3,27.55,1
2282,month-to-month,basic,manual,52,0,21.82,0
2283,one-year,basic,auto,59,0,35.12,0
2284,two-year,basic,auto,43,4,27.51,0
2285,two-year,standard,auto,15,3,68.92,0
2286,month-to-month,standard,manual,54,0,70.61,0
2287,month-to-month,standard,auto,25,1,66.65,0
2288,month-to-month,basic,auto,53,2,44.38,0
2289,one-year,standard,manual,46,1,54.65,0
2290,month-to-month,basic,auto,7,1,25.09,0
2291,one-year,standard,auto,8,1,63.46,1
2292,one-year,standard,manual,2,1,78.57,0
2293,month-to-month,standard,manual,6,1,75.79,1
2294,month-to-month,standard,manual,22,2,72.73,0
2295,month-to-month,premium,auto,2,1,95.24,1
2296,month-to-month,standard,manual,68,4,60.93,0
2297,month-to-month,standard,auto,66,1,60.03,1
2298,one-year,standard,auto,13,2,60.3,0
2299,month-to-month,basic,auto,23,3,38.96,0
2300,month-to-month,premium,auto,54,1,98.54,0
2301,one-year,basic,manual,48,1,29.33,0
2302,one-year,basic,manual,42,2,34.65,0
2303,month-to-month,premium,auto,72,3,90.02,0
2304,one-year,standard,auto,46,0,65.32,0
2305,two-year,basic,manual,49,0,23.42,0
2306,one-year,basic,manual,37,2,28.23,0
2307,one-year,basic,auto,38,5,26.48,0
2308,month-to-month,standard,auto,21,0,61.17,0
2309,two-year,basic,auto,38,3,31.35,0
2310,month-to-month,premium,auto,67,2,101.33,0
2311,two-year,premium,auto,28,1,98.68,0
2312,one-year,standard,auto,10,2,67.22,0
2313,month-to-month,standard,manual,44,2,59.79,0
2314,month-to-month,basic,auto,57,2,34.09,0
2315,one-year,basic,auto,70,3,28.76,0
2316,one-year,standard,auto,40,1,62.1,0
2317,month-to-month,basic,manual,57,0,25.23,0
2318,one-year,basic,auto,19,3,28.55,0
2319,two-year,basic,auto,31,2,41.22,0
2320,month-to-month,basic,auto,31,3,29.62,1
2321,month-to-month,standard,manual,24,1,58.13,1
2322,month-to-month,standard,manual,52,0,70.51,1
2323,one-year,premium,auto,64,0,97.17,0
2324,month-to-month,standard,auto,24,1,66.7,0
2325,two-year,premium,auto,10,2,96.37,0
2326,month-to-month,standard,manual,60,2,72.68,1
2327,one-year,premium,manual,62,0,96.46,0
2328,month-to-month,standard,auto,68,3,73.39,0
2329,month-to-month,basic,auto,19,3,23.7,1
2330,one-year,premium,manual,52,3,98.24,0
2331,month-to-month,basic,manual,52,1,38.4,0
2332,month-to-month,basic,auto,57,1,31.01,0
2333,two-year,basic,auto,59,2,43.63,0
2334,two-year,basic,auto,69,2,28.39,0
2335,two-year,basic,manual,35,4,31.54,1
2336,month-to-month,standard,manual,6,0,76.43,1
2337,one-year,premium,manual,14,1,90.92,0
2338,two-year,basic,manual,64,0,20.17,0
2339,month-to-month,standard,auto,61,2,60.23,1
2340,month-to-month,basic,auto,1,2,34.88,1
2341,one-year,premium,auto,27,0,90.34,0
2342,month-to-month,basic,manual,18,1,33.58,1
2343,one-year,basic,auto,24,2,33.16,1
2344,two-year,standard,auto,46,1,77.09,0
2345,one-year,standard,auto,37,2,71.27,0
2346,month-to-month,standard,manual,35,2,67.18,0
2347,month-to-month,standard,manual,32,2,73.15,0
2348,month-to-month,standard,manual,47,0,68.23,1
2349,month-to-month,basic,auto,50,3,27.24,0
2350,one-year,basic,manual,4,2,23.13,0
2351,one-year,basic,manual,10,4,26.58,0
2352,month-to-month,basic,manual,25,2,29.76,0
2353,month-to-month,basic,manual,32,0,31.05,0
2354,two-year,standard,manual,72,3,52.19,0
2355,month-to-month,basic,manual,65,1,28.68,0
2356,month-to-month,standard,auto,47,0,65.17,0
2357,month-to-month,standard,auto,3,1,68.29,1
2358,one-year,standard,auto,8,2,74.76,0
2359,month-to-month,standard,manual,33,0,66.11,0
2360,one-year,basic,manual,43,1,24.54,0
2361,month-to-month,basic,auto,48,0,19.09,0
2362,one-year,standard,auto,11,1,69.12,0
2363,month-to-month,standard,manual,64,2,59.79,0
2364,month-to-month,basic,manual,36,2,35.2,0
2365,month-to-month,basic,manual,43,0,38.38,0
2366,month-to-month,standard,auto,3,1,55.74,1
2367,month-to-month,standard,manual,60,1,68.32,0
2368,month-to-month,basic,manual,40,2,37.76,0
2369,month-to-month,standard,auto,17,2,71.11,1
2370,month-to-month,premium,auto,23,3,87.42,1
2371,two-year,basic,manual,26,0,24.88,0
2372,month-to-month,premium,auto,2,1,92.32,0
2373,one-year,basic,auto,68,0,33.14,0
2374,two-year,standard,manual,58,1,67.48,0
2375,month-to-month,standard,manual,64,2,48.81,0
2376,one-year,basic,auto,26,2,28.2,0
2377,two-year,premium,manual,41,0,104.8,0
2378,one-year,standard,auto,33,3,65.89,0
2379,month-to-month,premium,manual,35,0,100.88,0
2380,month-to-month,basic,auto,43,1,27.81,0
2381,month-to-month,premium,manual,33,2,93.65,0
2382,month-to-month,premium,manual,56,1,99.9,0
2383,two-year,standard,auto,5,1,65.31,1
2384,two-year,basic,auto,14,3,33.69,0
2385,month-to-month,standard,manual,65,1,69.18,1
2386,one-year,standard,auto,64,0,65.52,0
2387,month-to-month,premium,auto,59,2,106.57,1
2388,two-year,standard,auto,27,2,62.75,0
2389,month-to-month,basic,manual,33,1,21.34,1
2390,two-year,basic,auto,2,0,32.86,0
2391,one-year,standard,auto,21,2,65.76,0
2392,month-to-month,premium,manual,53,2,102.98,0
2393,month-to-month,basic,auto,25,3,22.41,0
2394,one-year,standard,auto,35,2,75.74,0
2395,month-to-month,premium,auto,9,0,104.26,1
2396,month-to-month,basic,auto,36,0,28.27,0
2397,two-year,basic,auto,52,3,24.39,0
2398,one-year,standard,manual,42,0,71.46,0
2399,month-to-month,standard,auto,41,0,58.39,0
2400,month-to-month,basic,manual,66,3,43.57,1
2401,month-to-month,premium,auto,17,2,96.32,1
2402,two-year,standard,auto,22,0,75.32,0
2403,month-to-month,premium,auto,45,5,98.89,1
2404,month-to-month,premium,auto,35,2,109.48,1
2405,month-to-month,premium,manual,71,2,95.59,0
2406,two-year,standard,auto,5,2,65.11,1
2407,month-to-month,basic,auto,9,2,34.83,1
2408,two-year,standard,auto,25,2,68.97,0
2409,one-year,basic,manual,34,3,36.6,0
2410,one-year,standard,auto,65,0,62.08,0
2411,two-year,basic,manual,36,1,30.51,1
2412,one-year,standard,auto,32,2,72.49,0
2413,two-year,basic,auto,13,3,25.77,0
2414,month-to-month,basic,manual,32,1,33.44,1
2415,one-year,basic,auto,39,3,28.69,0
2416,month-to-month,standard,auto,43,3,66.24,0
2417,month-to-month,standard,manual,44,1,65.51,1
2418,two-year,basic,auto,31,2,25.27,0
2419,two-year,premium,auto,12,3,98.44,1
2420,one-year,premium,auto,11,1,100.87,0
2421,month-to-month,basic,auto,12,2,29.38,0
2422,month-to-month,standard,manual,45,2,74.44,0
2423,month-to-month,standard,auto,62,0,71.06,0
2424,month-to-month,basic,manual,64,2,31.74,1
2425,month-to-month,standard,manual,23,1,60.42,0
2426,month-to-month,basic,manual,6,3,25.06,0
2427,month-to-month,premium,manual,46,1,111.84,0
2428,one-year,premium,manual,3,2,93.94,1
2429,month-to-month,premium,manual,46,2,100.68,1
2430,two-year,standard,auto,28,1,67.17,1
2431,one-year,standard,auto,61,5,63.13,0
2432,month-to-month,premium,manual,46,0,93.99,0
2433,month-to-month,basic,auto,54,4,25.29,0
2434,month-to-month,basic,manual,30,0,26.72,1
2435,two-year,standard,auto,61,1,60.74,0
2436,month-to-month,basic,manual,38,1,37.97,0
2437,month-to-month,basic,auto,46,1,29.95,0
2438,two-year,basic,manual,26,3,26.86,0
2439,two-year,standard,auto,33,3,65.64,0
2440,month-to-month,basic,auto,61,1,34.01,1
2441,month-to-month,basic,manual,29,2,27.93,0
2442,month-to-month,basic,manual,2,2,35.41,1
2443,month-to-month,basic,manual,28,1,22.37,1
2444,month-to-month,premium,manual,29,3,107.03,1
2445,one-year,basic,auto,31,5,29.95,0
2446,two-year,standard,manual,6,2,64.71,0
2447,month-to-month,standard,auto,10,1,60.84,0
2448,one-year,basic,auto,24,2,22.63,0
2449,month-to-month,premium,auto,31,1,90.0,1
2450,one-year,standard,auto,3,3,60.42,0
2451,one-year,standard,auto,29,0,68.53,0
2452,two-year,basic,manual,24,3,24.23,1
2453,two-year,basic,auto,3,1,20.71,0
2454,month-to-month,premium,manual,19,0,94.55,0
2455,month-to-month,standard,auto,20,0,62.69,1
2456,month-to-month,premium,auto,11,0,97.93,0
2457,month-to-month,premium,manual,55,0,99.23,1
2458,two-year,basic,auto,6,2,36.2,0
2459,month-to-month,standard,auto,42,3,72.5,0
2460,one-year,standard,manual,48,0,77.03,0
2461,month-to-month,standard,auto,59,1,55.25,0
2462,month-to-month,basic,auto,40,4,24.86,1
2463,month-to-month,basic,manual,40,5,34.19,1
2464,one-year,standard,auto,55,0,62.28,0
2465,one-year,standard,manual,62,1,70.16,0
2466,month-to-month,standard,manual,16,0,66.24,1
2467,month-to-month,basic,auto,58,3,39.48,0
2468,one-year,basic,auto,34,2,36.26,0
2469,month-to-month,premium,auto,8,1,106.37,0
2470,two-year,standard,manual,45,3,62.53,0
2471,month-to-month,standard,auto,71,3,64.42,0
2472,month-to-month,standard,manual,11,0,63.17,1
2473,month-to-month,standard,auto,2,1,55.96,0
2474,month-to-month,standard,manual,66,2,73.83,0
2475,month-to-month,standard,auto,43,1,69.47,0
2476,month-to-month,premium,auto,16,1,97.93,0
2477,two-year,premium,auto,58,0,107.83,0
2478,month-to-month,premium,auto,29,6,96.22,1
2479,month-to-month,standard,manual,24,0,53.97,0
2480,month-to-month,standard,auto,21,2,71.04,1
2481,month-to-month,standard,auto,44,1,57.33,0
2482,one-year,premium,auto,10,2,98.83,0
2483,month-to-month,standard,auto,27,2,66.24,0
2484,one-year,standard,manual,22,3,67.31,0
2485,month-to-month,standard,manual,5,2,70.09,0
2486,two-year,standard,manual,55,1,68.49,0
2487,month-to-month,standard,auto,1,1,68.3,1
2488,two-year,basic,auto,70,3,25.26,0
2489,month-to-month,standard,manual,7,2,66.77,1
2490,month-to-month,standard,auto,26,1,55.97,1
2491,one-year,basic,manual,8,2,39.37,0
2492,one-year,premium,auto,27,1,91.58,0
2493,one-year,standard,auto,44,2,62.92,0
2494,month-to-month,basic,manual,7,1,22.09,1
2495,one-year,premium,auto,38,1,95.62,0
2496,two-year,standard,manual,56,2,65.08,0
2497,one-year,standard,auto,33,2,61.83,1
2498,month-to-month,basic,auto,9,1,36.87,0
2499,one-year,premium,auto,50,2,101.36,0
2500,one-year,standard,auto,14,1,62.22,1
2501,two-year,standard,auto,2,0,64.2,0
2502,month-to-month,basic,auto,32,0,37.32,0
2503,month-to-month,standard,manual,20,4,70.45,1
2504,one-year,standard,manual,3,1,58.17,0
2505,month-to-month,standard,auto,56,3,60.92,0
2506,one-year,standard,auto,44,1,67.85,0
2507,month-to-month,premium,auto,66,0,102.12,0
2508,month-to-month,standard,manual,35,2,58.7,1
2509,one-year,basic,auto,32,1,34.49,0
2510,month-to-month,premium,auto,61,2,94.65,0
2511,month-to-month,standard,auto,6,1,72.82,1
2512,one-year,premium,auto,27,0,103.18,0
2513,one-year,premium,auto,58,0,93.21,0
2514,two-year,premium,auto,22,2,96.83,0
2515,month-to-month,standard,manual,64,2,61.72,1
2516,month-to-month,standard,auto,21,0,65.96,1
2517,two-year,basic,auto,30,1,28.78,0
2518,month-to-month,standard,auto,65,3,58.13,0
2519,month-to-month,standard,auto,18,2,56.63,0
2520,month-to-month,standard,auto,70,1,68.29,0
2521,month-to-month,premium,auto,4,1,101.72,1
2522,two-year,basic,auto,20,2,30.63,0
2523,one-year,basic,manual,43,3,31.62,1
2524,one-year,standard,auto,43,1,61.29,0
2525,month-to-month,standard,manual,66,2,66.1,0
2526,month-to-month,basic,auto,70,2,45.23,0
2527,month-to-month,basic,auto,49,2,37.05,0
2528,month-to-month,premium,manual,48,2,98.27,1
2529,month-to-month,standard,manual,23,3,61.86,1
2530,month-to-month,basic,auto,59,2,18.0,0
2531,month-to-month,basic,manual,47,1,36.41,0
2532,one-year,standard,auto,2,0,69.72,0
2533,one-year,basic,auto,60,0,26.74,0
2534,month-to-month,standard,manual,26,3,56.41,1
2535,month-to-month,standard,manual,35,1,58.07,0
2536,one-year,basic,auto,35,2,32.67,0
2537,one-year,standard,manual,60,1,64.46,0
2538,one-year,basic,auto,20,1,34.15,0
2539,month-to-month,basic,auto,29,4,30.52,1
2540,one-year,premium,manual,3,2,105.8,0
2541,month-to-month,standard,auto,26,0,67.22,0
2542,month-to-month,premium,auto,7,1,104.97,1
2543,month-to-month,basic,auto,42,4,18.0,0
2544,month-to-month,basic,auto,65,1,22.59,1
2545,month-to-month,standard,auto,34,0,62.81,0
2546,month-to-month,standard,manual,66,0,71.48,0
2547,one-year,premium,manual,71,1,111.28,0
2548,month-to-month,basic,manual,4,1,29.01,0
2549,month-to-month,premium,auto,38,0,96.33,0
2550,month-to-month,premium,auto,39,1,88.27,0
2551,month-to-month,standard,auto,28,4,70.18,1
2552,month-to-month,basic,auto,60,4,26.7,1
2553,month-to-month,standard,auto,29,1,82.75,0
2554,month-to-month,basic,manual,4,3,25.56,1
2555,one-year,standard,manual,40,1,77.63,0
2556,two-year,standard,auto,15,3,69.49,0
2557,month-to-month,premium,auto,26,1,93.83,1
2558,one-year,standard,manual,37,2,66.39,0
2559,two-year,standard,auto,53,0,69.63,0
2560,two-year,standard,manual,21,2,63.65,1
2561,one-year,standard,auto,28,4,70.03,0
2562,two-year,premium,auto,5,5,104.9,1
2563,two-year,basic,auto,28,2,33.58,1
2564,one-year,premium,manual,42,5,99.9,0
2565,month-to-month,premium,auto,45,1,92.95,1
2566,month-to-month,premium,manual,22,0,99.54,1
2567,month-to-month,standard,auto,5,3,66.06,0
2568,month-to-month,premium,auto,42,3,88.74,0
2569,month-to-month,basic,manual,48,3,31.02,1
2570,month-to-month,standard,auto,7,1,64.42,0
2571,one-year,basic,auto,37,1,22.22,0
2572,one-year,basic,auto,7,2,28.0,0
2573,one-year,standard,manual,33,1,63.13,0
2574,month-to-month,basic,auto,47,0,41.58,1
2575,month-to-month,basic,auto,52,1,31.32,0
2576,one-year,premium,manual,52,0,106.22,0
2577,one-year,basic,manual,55,3,29.29,0
2578,two-year,standard,manual,18,2,53.76,0
2579,two-year,basic,manual,61,3,34.03,0
2580,two-year,standard,manual,26,3,61.05,0
2581,month-to-month,standard,auto,27,3,62.99,0
2582,month-to-month,standard,auto,57,2,58.68,0
2583,month-to-month,standard,manual,24,4,65.44,1
2584,one-year,premium,manual,6,3,106.39,1
2585,two-year,premium,manual,52,0,105.6,0
2586,month-to-month,basic,auto,48,4,39.52,0
2587,one-year,standard,auto,42,1,75.37,0
2588,month-to-month,standard,auto,11,0,52.72,1
2589,month-to-month,basic,manual,46,3,22.84,1
2590,month-to-month,premium,auto,15,2,89.15,0
2591,month-to-month,basic,manual,40,3,33.79,1
2592,two-year,premium,auto,37,3,95.84,0
2593,month-to-month,basic,auto,56,1,27.06,0
2594,one-year,basic,auto,71,3,28.7,0
2595,one-year,premium,manual,14,1,102.3,1
2596,month-to-month,premium,manual,9,0,91.09,0
2597,month-to-month,premium,auto,41,2,92.45,1
2598,one-year,premium,auto,69,2,100.01,0
2599,month-to-month,standard,auto,12,2,72.19,0
2600,two-year,basic,auto,36,2,29.85,0
2601,month-to-month,basic,auto,30,1,25.25,0
2602,one-year,standard,manual,23,2,52.11,1
2603,one-year,basic,manual,48,1,35.72,0
2604,month-to-month,premium,auto,22,1,95.58,1
2605,month-to-month,basic,auto,36,3,23.12,1
2606,two-year,basic,auto,61,0,19.71,0
2607,month-to-month,basic,auto,28,1,21.37,1
2608,month-to-month,basic,auto,2,3,24.23,1
2609,month-to-month,basic,manual,64,1,28.57,0
2610,month-to-month,standard,auto,20,4,57.75,1
2611,one-year,basic,manual,56,1,31.11,0
2612,one-year,standard,auto,55,2,63.52,0
2613,month-to-month,premium,manual,38,1,113.33,0
2614,one-year,standard,manual,7,1,54.77,0
2615,month-to-month,standard,auto,69,2,65.97,0
2616,month-to-month,basic,auto,50,3,31.04,0
2617,one-year,basic,manual,31,2,23.82,1
2618,two-year,basic,manual,62,1,30.57,0
2619,month-to-month,premium,auto,57,1,104.62,1
2620,month-to-month,standard,auto,55,2,65.58,0
2621,month-to-month,basic,auto,13,0,38.31,0
2622,one-year,standard,manual,46,1,51.93,0
2623,month-to-month,premium,manual,21,4,94.95,0
2624,month-to-month,standard,auto,6,2,73.85,1
2625,one-year,standard,manual,25,0,70.47,1
2626,month-to-month,premium,manual,8,0,103.24,1
2627,month-to-month,standard,manual,8,1,72.4,0
2628,month-to-month,standard,auto,53,1,53.5,0
2629,month-to-month,basic,auto,37,6,34.77,1
2630,month-to-month,basic,auto,29,1,36.39,0
2631,two-year,premium,auto,14,1,96.05,0
2632,one-year,standard,auto,56,0,80.78,0
2633,one-year,standard,auto,46,1,66.18,0
2634,two-year,standard,auto,43,0,51.84,0
2635,month-to-month,basic,manual,14,0,32.29,1
2636,month-to-month,premium,auto,9,1,95.68,1
2637,two-year,basic,manual,9,0,36.99,0
2638,month-to-month,premium,auto,2,1,103.29,1
2639,one-year,standard,auto,70,0,61.41,0
2640,one-year,basic,auto,27,0,39.01,0
2641,month-to-month,basic,manual,48,2,35.64,1
2642,month-to-month,premium,manual,71,1,95.03,0
2643,month-to-month,basic,auto,68,1,29.09,0
2644,month-to-month,basic,manual,24,3,33.1,0
2645,month-to-month,standard,auto,36,3,62.81,1
2646,month-to-month,basic,auto,34,4,27.99,1
2647,one-year,basic,auto,3,3,30.22,0
2648,two-year,basic,auto,56,1,23.61,0
2649,one-year,premium,auto,42,2,86.6,0
2650,month-to-month,basic,manual,27,2,31.43,1
2651,month-to-month,basic,auto,41,0,18.07,0
2652,month-to-month,basic,auto,53,1,24.04,0
2653,month-to-month,basic,auto,2,0,19.37,0
2654,two-year,basic,auto,47,3,20.11,0
2655,month-to-month,basic,auto,63,0,32.56,0
2656,month-to-month,basic,manual,53,0,28.67,0
2657,one-year,standard,manual,45,0,63.45,0
2658,month-to-month,premium,auto,7,0,92.1,1
2659,month-to-month,basic,manual,54,1,26.06,0
2660,month-to-month,basic,auto,55,1,32.26,0
2661,one-year,premium,auto,36,0,99.69,0
2662,one-year,premium,auto,42,0,104.94,0
2663,month-to-month,standard,auto,45,3,70.79,0
2664,two-year,basic,auto,9,2,28.49,1
2665,two-year,standard,manual,19,0,53.89,0
2666,one-year,basic,auto,58,0,25.46,0
2667,month-to-month,basic,manual,71,0,29.41,0
2668,month-to-month,basic,manual,20,2,25.34,1
2669,two-year,standard,manual,29,2,58.67,0
2670,month-to-month,basic,manual,66,0,30.42,1
2671,one-year,standard,manual,12,1,79.58,0
2672,one-year,basic,auto,19,1,27.07,0
2673,month-to-month,basic,auto,5,3,29.98,1
2674,one-year,standard,auto,17,1,57.13,0
2675,two-year,premium,manual,46,3,107.46,0
2676,one-year,basic,auto,26,2,35.25,0
2677,month-to-month,standard,auto,71,1,69.83,1
2678,two-year,basic,manual,65,3,38.16,0
2679,month-to-month,basic,auto,65,1,27.44,0
2680,one-year,standard,manual,53,1,63.19,0
2681,one-year,basic,auto,51,2,40.26,0
2682,one-year,standard,auto,37,0,68.8,0
2683,month-to-month,standard,auto,72,1,51.68,0
2684,month-to-month,basic,auto,7,1,32.73,1
2685,month-to-month,basic,auto,53,1,26.51,0
2686,month-to-month,basic,auto,11,3,35.39,1
2687,month-to-month,premium,auto,25,0,102.45,0
2688,one-year,standard,manual,19,0,54.56,0
2689,month-to-month,basic,manual,44,2,31.61,0
2690,one-year,basic,auto,57,0,31.26,0
2691,two-year,standard,auto,6,1,67.18,1
2692,month-to-month,basic,auto,44,1,33.45,0
2693,one-year,standard,manual,16,0,73.98,1
2694,one-year,standard,manual,6,1,67.48,0
2695,month-to-month,standard,auto,31,0,65.14,0
2696,month-to-month,basic,auto,42,1,36.89,1
2697,one-year,basic,manual,15,0,43.46,0
2698,two-year,basic,manual,29,2,35.49,0
2699,one-year,standard,auto,69,3,66.24,0
2700,two-year,premium,manual,25,1,102.6,1
2701,two-year,basic,auto,72,2,31.54,0
2702,month-to-month,standard,auto,61,3,65.11,0
2703,one-year,standard,manual,27,3,77.99,1
2704,month-to-month,basic,auto,42,5,25.51,0
2705,two-year,basic,auto,52,1,36.93,1
2706,month-to-month,basic,manual,34,1,29.24,0
2707,month-to-month,standard,manual,30,2,56.12,1
2708,two-year,standard,auto,24,0,63.87,0
2709,month-to-month,standard,manual,11,0,61.72,0
2710,one-year,premium,manual,2,1,103.47,0
2711,month-to-month,standard,auto,25,1,65.55,0
2712,two-year,premium,manual,58,1,93.87,0
2713,two-year,standard,manual,17,2,73.83,1
2714,month-to-month,premium,auto,13,2,106.54,1
2715,one-year,premium,auto,24,4,109.52,0
2716,month-to-month,standard,manual,44,1,66.42,1
2717,one-year,premium,manual,16,0,99.79,0
2718,one-year,premium,auto,16,1,104.22,1
2719,one-year,standard,auto,9,1,61.54,0
2720,month-to-month,standard,manual,24,1,65.78,0
2721,month-to-month,standard,auto,16,1,63.95,0
2722,one-year,premium,auto,60,3,91.23,0
2723,one-year,standard,manual,66,2,65.76,0
2724,month-to-month,premium,manual,27,1,97.35,0
2725,month-to-month,standard,manual,7,0,63.54,0
2726,month-to-month,premium,manual,7,1,102.18,0
2727,two-year,basic,auto,24,2,37.64,1
2728,month-to-month,standard,manual,34,0,59.91,1
2729,month-to-month,standard,auto,39,3,62.98,1
2730,two-year,premium,auto,22,2,95.41,0
2731,month-to-month,premium,manual,26,3,95.02,1
2732,one-year,standard,manual,21,1,61.43,0
2733,month-to-month,standard,manual,38,1,63.82,0
2734,two-year,basic,auto,51,0,33.52,0
2735,one-year,premium,manual,4,2,101.92,0
2736,two-year,basic,manual,35,1,23.66,0
2737,month-to-month,standard,manual,47,0,72.76,0
2738,month-to-month,standard,manual,49,2,70.67,1
2739,one-year,standard,auto,41,1,59.59,0
2740,month-to-month,basic,manual,38,1,37.34,0
2741,month-to-month,basic,manual,50,1,31.96,0
2742,month-to-month,premium,manual,28,2,99.06,1
2743,two-year,standard,manual,41,4,67.15,0
2744,one-year,basic,manual,24,3,29.85,0
2745,one-year,standard,auto,32,0,68.27,0
2746,one-year,basic,auto,9,2,31.12,0
2747,month-to-month,premium,manual,26,1,97.98,0
2748,month-to-month,basic,manual,11,0,18.0,0
2749,month-to-month,basic,manual,17,0,33.16,1
2750,one-year,basic,auto,31,0,27.76,0
2751,month-to-month,standard,auto,37,5,69.67,1
2752,two-year,standard,manual,68,3,67.89,0
2753,one-year,standard,manual,2,1,62.91,0
2754,month-to-month,standard,auto,65,0,71.14,1
2755,one-year,basic,manual,24,2,31.23,0
2756,month-to-month,basic,auto,53,0,30.98,0
2757,two-year,basic,auto,49,1,29.17,0
2758,two-year,premium,auto,70,0,110.1,0
2759,two-year,basic,auto,8,3,25.72,0
2760,month-to-month,premium,auto,70,1,98.06,0
2761,month-to-month,basic,manual,5,2,22.58,1
2762,month-to-month,basic,manual,64,1,34.36,0
2763,month-to-month,basic,manual,47,0,26.51,1
2764,month-to-month,basic,auto,35,1,27.18,0
2765,month-to-month,standard,auto,29,1,61.9,1
2766,two-year,standard,auto,7,4,65.38,1
2767,month-to-month,basic,manual,58,0,22.5,0
2768,month-to-month,standard,auto,53,1,51.54,0
2769,one-year,standard,manual,68,0,67.75,0
2770,one-year,premium,manual,53,0,87.32,0
2771,one-year,premium,manual,69,1,105.12,0
2772,one-year,standard,auto,64,1,74.35,0
2773,two-year,premium,auto,31,1,99.01,0
2774,one-year,standard,auto,51,3,72.8,0
2775,month-to-month,standard,auto,20,3,64.85,0
2776,one-year,standard,manual,58,0,74.6,0
2777,month-to-month,basic,auto,44,0,27.26,1
2778,month-to-month,standard,manual,32,0,50.81,0
2779,month-to-month,premium,auto,46,0,99.52,0
2780,month-to-month,basic,manual,20,0,40.25,1
2781,one-year,premium,manual,45,5,103.21,0
2782,month-to-month,premium,auto,35,1,96.91,0
2783,month-to-month,basic,manual,24,3,31.97,0
2784,month-to-month,standard,auto,71,1,70.83,0
2785,one-year,premium,manual,5,0,99.49,1
2786,month-to-month,premium,manual,55,0,115.76,0
2787,one-year,basic,manual,16,0,26.9,1
2788,two-year,basic,manual,17,2,36.02,0
2789,month-to-month,standard,auto,12,2,69.57,0
2790,one-year,basic,manual,8,2,25.8,1
2791,month-to-month,basic,manual,9,2,27.45,0
2792,month-to-month,basic,auto,60,1,36.11,1
2793,one-year,basic,auto,67,2,30.87,0
2794,two-year,standard,manual,43,2,67.03,0
2795,month-to-month,standard,manual,1,1,55.18,1
2796,one-year,standard,auto,63,2,68.94,0
2797,month-to-month,standard,manual,44,2,66.72,0
2798,one-year,standard,manual,38,1,64.62,0
2799,one-year,basic,auto,69,2,32.17,0
2800,one-year,basic,auto,30,3,27.54,1
2801,one-year,basic,manual,26,0,26.45,0
2802,month-to-month,basic,manual,57,0,28.55,0
2803,one-year,basic,auto,38,1,27.21,0
2804,one-year,basic,auto,52,1,43.08,0
2805,one-year,basic,manual,51,0,35.47,0
2806,month-to-month,standard,manual,61,3,59.19,0
2807,month-to-month,standard,manual,23,2,77.22,1
2808,month-to-month,premium,auto,6,2,97.4,0
2809,month-to-month,standard,manual,35,1,65.18,1
2810,month-to-month,standard,auto,47,0,70.38,0
2811,month-to-month,basic,auto,59,2,18.18,0
2812,one-year,standard,manual,20,2,63.58,0
2813,month-to-month,basic,manual,54,4,26.56,0
2814,one-year,standard,auto,60,1,66.23,0
2815,month-to-month,basic,manual,59,0,32.22,0
2816,one-year,standard,auto,59,1,64.54,0
2817,month-to-month,basic,auto,72,2,29.26,0
2818,month-to-month,standard,auto,48,4,71.39,1
2819,one-year,premium,auto,27,0,101.81,0
2820,two-year,standard,manual,32,1,65.25,0
2821,month-to-month,standard,manual,54,2,65.89,0
2822,month-to-month,standard,manual,18,2,76.02,0
2823,one-year,basic,auto,44,3,31.04,0
2824,one-year,standard,auto,42,0,61.91,0
2825,month-to-month,standard,auto,48,0,53.55,1
2826,month-to-month,basic,manual,31,1,21.4,0
2827,month-to-month,basic,auto,54,3,27.2,1
2828,two-year,premium,auto,6,1,99.35,0
2829,month-to-month,standard,manual,54,1,61.67,0
2830,month-to-month,standard,manual,59,1,67.11,0
2831,two-year,standard,auto,64,2,61.59,0
2832,month-to-month,standard,auto,67,0,59.51,0
2833,month-to-month,standard,manual,26,2,68.68,0
2834,month-to-month,basic,auto,4,0,38.22,0
2835,month-to-month,standard,auto,48,0,58.36,1
2836,month-to-month,standard,manual,7,1,66.46,0
2837,month-to-month,basic,auto,21,2,18.57,1
2838,one-year,standard,auto,51,1,56.15,0
2839,one-year,basic,auto,43,1,26.47,0
2840,month-to-month,standard,auto,44,2,71.81,1
2841,one-year,standard,auto,55,2,60.33,0
2842,month-to-month,standard,auto,12,0,60.1,1
2843,two-year,standard,auto,57,2,65.22,0
2844,month-to-month,premium,auto,43,2,100.22,0
2845,one-year,standard,manual,31,0,60.29,0
2846,month-to-month,standard,manual,34,2,76.92,0
2847,one-year,standard,auto,37,4,63.41,0
2848,month-to-month,basic,auto,40,2,30.68,0
2849,one-year,basic,manual,25,0,27.59,0
2850,month-to-month,standard,manual,17,1,67.64,0
2851,two-year,basic,manual,13,2,37.41,0
2852,month-to-month,basic,auto,25,2,39.98,1
2853,one-year,basic,auto,19,0,25.43,0
2854,one-year,standard,auto,38,1,71.6,0
2855,two-year,basic,manual,66,1,33.3,1
2856,month-to-month,premium,auto,8,3,105.85,0
2857,month-to-month,standard,auto,23,2,64.45,0
2858,month-to-month,standard,auto,4,3,63.88,1
2859,month-to-month,basic,auto,71,2,35.61,0
2860,one-year,standard,manual,51,1,70.73,0
2861,two-year,basic,auto,18,0,39.39,0
2862,two-year,standard,manual,30,2,66.19,0
2863,month-to-month,basic,manual,53,1,29.36,0
2864,one-year,premium,manual,69,5,85.24,0
2865,two-year,basic,auto,42,1,20.33,0
2866,two-year,standard,manual,20,1,62.63,1
2867,month-to-month,basic,manual,51,1,23.39,0
2868,month-to-month,standard,auto,50,1,69.88,0
2869,one-year,standard,auto,47,4,57.14,0
2870,month-to-month,basic,manual,4,2,26.99,1
2871,month-to-month,basic,auto,51,1,27.23,0
2872,two-year,basic,auto,2,1,37.23,0
2873,two-year,basic,auto,66,0,26.35,0
2874,two-year,premium,auto,64,2,102.71,0
2875,one-year,standard,auto,41,0,66.17,0
2876,month-to-month,basic,manual,47,0,35.42,0
2877,month-to-month,premium,auto,5,3,105.1,1
2878,month-to-month,basic,manual,63,3,29.8,0
2879,one-year,standard,auto,20,2,54.82,1
2880,month-to-month,standard,auto,19,0,63.61,0
2881,one-year,premium,auto,51,0,99.88,0
2882,month-to-month,standard,manual,68,2,66.72,0
2883,one-year,standard,manual,36,0,60.57,0
2884,month-to-month,premium,auto,37,3,106.85,1
2885,month-to-month,basic,auto,40,4,30.08,0
2886,month-to-month,premium,auto,21,2,94.48,0
2887,month-to-month,premium,auto,43,2,97.25,1
2888,two-year,premium,manual,70,2,111.57,0
2889,month-to-month,basic,auto,28,2,33.99,0
2890,month-to-month,basic,manual,56,0,36.29,0
2891,one-year,standard,auto,56,3,58.75,0
2892,one-year,standard,auto,62,2,60.87,0
2893,month-to-month,standard,manual,53,2,60.91,0
2894,month-to-month,premium,auto,67,0,101.11,0
2895,month-to-month,standard,manual,52,0,63.96,0
2896,one-year,basic,auto,71,1,27.06,0
2897,month-to-month,standard,manual,52,2,62.82,0
2898,month-to-month,basic,auto,61,0,25.24,1
2899,month-to-month,basic,auto,65,1,28.92,0
2900,one-year,basic,manual,71,1,36.68,0
2901,month-to-month,premium,auto,43,1,90.92,1
2902,one-year,standard,auto,52,0,67.08,0
2903,month-to-month,standard,manual,70,1,73.28,1
2904,one-year,basic,auto,28,1,28.9,0
2905,month-to-month,standard,manual,9,2,61.83,1
2906,month-to-month,premium,manual,64,1,105.55,0
2907,month-to-month,premium,manual,46,1,94.09,0
2908,one-year,standard,auto,31,1,64.86,1
2909,two-year,premium,auto,52,3,93.76,0
2910,month-to-month,standard,manual,3,3,53.78,1
2911,month-to-month,standard,auto,35,0,64.09,0
2912,two-year,premium,auto,20,1,92.42,1
2913,month-to-month,basic,auto,21,2,29.93,0
2914,month-to-month,basic,auto,70,3,36.69,0
2915,month-to-month,basic,auto,40,0,41.13,0
2916,one-year,standard,manual,11,5,65.56,0
2917,one-year,standard,manual,27,2,71.12,0
2918,one-year,standard,manual,18,0,67.39,0
2919,two-year,standard,auto,66,2,62.7,0
2920,month-to-month,basic,auto,21,3,18.45,0
2921,month-to-month,premium,auto,26,1,109.76,1
2922,month-to-month,basic,manual,25,1,23.71,1
2923,month-to-month,premium,auto,13,0,108.3,1
2924,month-to-month,basic,auto,57,0,33.22,0
2925,month-to-month,standard,auto,42,2,59.14,0
2926,month-to-month,standard,manual,32,4,66.87,0
2927,one-year,premium,manual,29,4,112.8,1
2928,month-to-month,basic,manual,49,2,39.21,0
2929,month-to-month,premium,auto,7,0,96.92,0
2930,one-year,standard,manual,68,0,60.73,0
2931,one-year,standard,auto,41,0,65.6,0
2932,one-year,standard,auto,17,1,64.01,0
2933,one-year,basic,auto,39,1,37.2,0
2934,one-year,standard,auto,62,1,69.44,0
2935,month-to-month,basic,auto,13,2,19.85,1
2936,month-to-month,basic,auto,38,5,32.75,1
2937,one-year,standard,auto,44,2,63.93,0
2938,month-to-month,standard,manual,59,0,65.22,0
2939,month-to-month,basic,manual,41,0,31.49,0
2940,month-to-month,basic,manual,54,2,37.19,1
2941,month-to-month,basic,auto,56,1,35.87,0
2942,month-to-month,basic,auto,65,1,25.5,0
2943,month-to-month,standard,manual,27,0,64.65,0
2944,one-year,basic,auto,51,3,27.31,0
2945,two-year,premium,auto,18,2,89.91,0
2946,month-to-month,basic,auto,61,1,29.34,0
2947,two-year,basic,manual,69,1,41.07,0
2948,month-to-month,premium,auto,22,1,89.73,0
2949,two-year,basic,manual,41,2,29.86,0
2950,two-year,standard,auto,60,0,64.66,0
2951,month-to-month,premium,auto,2,1,101.73,0
2952,one-year,premium,auto,51,2,94.22,0
2953,two-year,standard,auto,60,1,56.45,0
2954,two-year,basic,auto,63,1,21.73,0
2955,two-year,standard,manual,15,3,72.99,0
2956,one-year,premium,auto,55,4,94.1,0
2957,month-to-month,premium,auto,57,5,97.0,1
2958,one-year,basic,manual,1,4,42.63,1
2959,one-year,basic,auto,51,1,25.59,0
2960,one-year,basic,auto,46,4,32.05,0
2961,month-to-month,basic,auto,70,0,36.38,0
2962,one-year,standard,auto,4,5,71.09,1
2963,month-to-month,basic,auto,70,2,22.01,0
2964,one-year,basic,manual,42,1,25.72,0
2965,month-to-month,basic,auto,20,0,31.81,0
2966,one-year,standard,manual,28,1,76.57,0
2967,one-year,basic,auto,56,2,25.43,0
2968,month-to-month,standard,manual,72,2,62.04,0
2969,month-to-month,basic,manual,23,4,32.52,0
2970,month-to-month,premium,auto,71,1,103.72,0
2971,two-year,basic,auto,46,1,34.08,0
2972,one-year,standard,auto,14,1,59.92,0
2973,month-to-month,basic,manual,44,1,26.81,0
2974,month-to-month,basic,manual,58,1,31.29,0
2975,month-to-month,basic,auto,4,1,37.57,0
2976,month-to-month,basic,manual,6,1,28.57,0
2977,two-year,basic,auto,1,2,29.87,0
2978,one-year,standard,auto,42,1,58.84,0
2979,month-to-month,standard,manual,5,1,76.18,1
2980,two-year,basic,auto,68,2,30.93,0
2981,month-to-month,standard,auto,10,1,71.47,1
2982,two-year,standard,manual,6,0,65.18,0
2983,month-to-month,basic,auto,19,1,30.51,1
2984,one-year,basic,manual,55,0,21.0,0
2985,two-year,basic,auto,66,3,18.0,0
2986,month-to-month,basic,auto,19,2,37.51,1
2987,one-year,standard,auto,38,1,65.47,0
2988,two-year,premium,manual,56,2,101.24,0
2989,month-to-month,premium,auto,58,1,92.51,1
2990,month-to-month,premium,auto,12,0,94.58,1
2991,one-year,standard,manual,61,1,71.37,0
2992,month-to-month,basic,manual,63,1,40.44,0
2993,month-to-month,basic,manual,53,4,26.27,1
2994,month-to-month,basic,auto,38,1,34.03,0
2995,one-year,basic,auto,29,1,31.14,0
2996,month-to-month,basic,auto,65,3,29.28,1
2997,month-to-month,standard,manual,63,1,76.11,0
2998,one-year,basic,manual,38,1,27.28,1
2999,month-to-month,basic,manual,54,3,37.44,1
